OBJECTID,SSAMPLENO,LONGITUDE,LATITUDE,SIO2,AL2O3,FE2O3,TIO2,CAO,MGO,MNO,NA2O,K2O,P2O5,BA,GA,SC,V,TH,PB,NI,CO,RB,SR,Y,ZR,NB,CR,CU,ZN,LA,CE,PR,ND,SM,EU,TB,GD,DY,HO,ER,TM,YB,LU,HF,TA,U,TREE
1207,57C9/B3/C/15,76.6131,13.775,57.35,18.81,8.18,0.38,0.51,2.01,0.09,0.64,2.03,0.04,0.94,1.65,458.9,16.7,17.8,134.9,12.2,19.4,94.1,29.2,79.3,58.6,19.2,213.6,15.3,134.9,54.15,98.36,11.06,48.15,7.52,1.77,0.99,6.6,5.15,1.07,2.66,0.37,3.62,0.74,58.6,50.4,15.57,235.61
1206,57C9/A3/C/15,76.5409,13.8197,55.99,13.77,11.13,0.89,1.5,3.24,0.12,0.61,0.78,0.05,0.86,2.26,160.3,19.3,29.2,171.7,5.9,12.1,126.7,36.4,39.4,84,21.9,176.6,18.7,331.1,35.6,68.26,8.4,35.88,9.78,2.43,1,5.91,5.81,1.14,2.61,0.53,3.91,0.55,74.7,61.6,17.78,175.9
1203,57C9/A2/C/15,76.5618,13.8526,53.69,14.31,10.87,0.94,2.92,3.66,0.11,0.88,1.18,0.03,0.15,1.32,327.3,22.2,28.7,164.1,5,13.7,88.3,31.2,56.1,229.3,21.3,143.5,19,172,26.47,56.66,6.59,18.23,8.62,2.04,0.73,3.55,4.08,0.76,1.94,0.42,3.04,0.6,80.4,46.9,8.75,130.18
1204,57C9/B2/C/15,76.6332,13.882,56.44,12.54,5.23,1.09,8.45,2.1,0.09,0.92,1.15,0.09,0.72,0.89,324.6,10.6,27.8,106.3,4.4,9.8,61.3,18.3,40.8,123,22.5,204.3,16.2,91.8,18.89,35.2,3.95,15.67,3.02,0.78,0.8,2.9,3.57,0.75,2.16,0.35,2.23,0.32,32.9,67.4,6.44,87.69
1201,57C9/B1/C/15,76.6357,13.9377,63.84,12.1,5,0.61,2.08,1.78,0.04,3.27,1.15,0.04,1.29,0.95,251,10.7,16,102.9,10.5,16.6,80.4,11.9,56.2,186.8,20.8,221.8,13.7,138.1,17.7,31.76,4.02,16,3.19,0.82,0.76,2.82,3.3,0.64,2.02,0.32,2.15,0.33,36.1,58.4,5.77,83.01
1200,57C9/A1/C/15,76.5356,13.9628,53.9,14.22,8.01,0.85,4.39,3.78,0.11,1.59,1.31,0.03,1.39,1.27,371,15.1,20.7,136,10.1,19.4,96.3,25,64.7,276.9,20.5,187.4,19.2,139.7,26.27,52.16,5.57,21.77,4.11,1.04,1,3.78,4.32,0.83,2.5,0.37,2.39,0.36,52.9,62.3,5.68,122.69
1202,57C9/C1/C/15,76.6957,13.9726,56.97,20.77,6.79,0.81,1.87,1.4,0.1,1.22,1.92,0.07,2.95,1.34,324.2,20.3,15.6,93.7,21.1,15.6,39.5,17.1,121.8,163.3,71.6,556.3,30.4,55.5,78.26,122.23,16,62.73,13.06,2.06,3.64,12.26,16.71,3.34,10.44,1.67,10.76,1.56,18.9,79.2,20.95,342.46
2170,57B08/B1/C/13,76.375,14.2083,59.92,20.28,4.9,0.42,0.66,0.26,0.05,0.79,3.66,0.06,401.6,2.5,8.6,52.9,17.3,33.7,30.7,8.5,169,43.3,35.6,228.9,15.7,46.6,25.8,32.7,59.53,146.79,13.33,47.35,8.98,1.34,1.23,7.87,6.88,1.29,4.04,0.63,3.98,0.66,11.5,1.78,3.98,296.03
2176,57B12/1A/C/13,76.5777,14.1818,54.48,20.98,6.68,0.47,1.24,1.02,0.19,1.15,2.24,0.05,259.8,20,10.6,61.9,22.1,28.8,40.1,14.9,135.4,51.8,59.4,218.8,22.6,57.5,24.8,70.7,58.43,143.13,12.87,44.85,10.72,1.17,2,10.91,12.42,2.26,7.42,1.17,7.83,1.23,9.35,7.36,6.55,305.5
2182,57B12/3A/C/12,76.5761,14.0088,57.21,17.57,9.66,0.56,0.53,2.92,0.12,1.14,1.53,0.05,376.9,10.4,12.7,130.7,7.6,15.1,89.9,26,46.8,83.7,18.8,132.4,6.1,113.1,54.4,57.4,23.59,51.75,5.38,19.09,3.6,0.94,0.54,3.56,3.72,0.69,2.2,0.36,2.06,0.34,4.14,0.94,2.39,114.26
2179,57B12/2A/C/12,76.5284,14.1044,44.96,13.26,10.88,0.88,8.67,5.69,0.23,0.59,0.14,0.06,278.9,10.2,30,211.1,2,9.2,101.1,37.9,11.3,125.1,22.5,61.6,2.5,140.1,134.3,49.8,8.05,20.51,2.27,10.39,2.89,0.85,0.61,3.73,4.23,0.84,2.58,0.38,2.28,0.35,2.33,0.38,1.08,56.23
1898,57A/8/C2/C/13,76.465,15.125,49.11,16.08,13.09,0.29,3.75,2.31,1.41,0.19,0.99,0.06,155.4,11.2,26.9,238.5,2,10.1,144.4,66.5,33.1,65.2,16.9,62.5,2.5,193.9,244.5,59,7.31,15.85,2.41,11.37,3.11,1.03,0.71,3.91,4.43,0.88,2.58,0.42,2.34,0.36,3.76,0.3,3.45,52.8
1895,57A/8/B2/C/13,76.375,15.125,54.66,17.62,7.72,0.14,1.86,3.75,1.91,1.68,0.7,0.05,515.2,17.4,12.4,81.2,14.4,27.5,24.1,17.7,76,165.5,37.9,286.5,12.8,43.4,30.5,97.8,67.44,88.92,13.27,47.26,8.31,1.5,1.15,7.52,6.55,1.17,3.37,0.56,3.76,0.55,8.91,1.88,4.42,243.81
1897,57A/8/C1/C/13,76.465,15.208333,50.39,18.99,9.97,0.14,3.17,2.69,0.12,1.76,0.67,0.05,25,10.7,29.7,187.4,2,6.7,106.3,37.7,66.8,65.8,5.5,80.4,2.5,350.2,93.5,44.6,7.58,13.25,1.88,7.48,1.48,0.47,0.27,1.79,1.93,0.36,1.12,0.2,1.28,0.21,2.5,0.32,3.77,37.51
1894,57A/8/B1/C/13,76.375,15.208333,44.57,14.63,12.08,0.17,4.64,7.38,0.86,0.11,0.81,0.07,151,11.6,31.8,156.2,2,8.6,96.9,40.7,29.7,89.6,33.7,43.8,2.5,155.5,170.1,49.1,4.89,8.3,1.58,7.87,2.44,0.88,0.51,3.13,3.61,0.69,2.18,0.33,2.3,0.35,2.35,0.2,4.75,35.93
2164,57B5/C/C1/2013,76.4534,14.9573,60.26,20.09,4.32,0.46,0.85,1.02,0.03,3.22,2,0.04,464.6,22.1,5.2,32.2,23.7,7.4,11.6,9.5,61.1,151,21.1,245.9,14.6,43,3.4,17.8,54.18,199.7,11.59,38.14,6.76,1.31,0.85,4.95,4.63,0.95,2.66,0.47,3.25,0.5,7.28,0.78,4.37,324.99
2159,57B5/C/A2/2013,76.2549,14.8499,55.49,21.95,5.6,0.55,1.36,0.86,0.06,1.21,1.73,0.05,346.2,21.2,8.4,71.9,16.4,23.9,45.6,13.5,92.6,157.5,26.9,221.8,11,50.3,31.7,33.3,51.49,116.5,11.26,39.57,6.98,1.53,0.87,5.19,4.89,0.86,2.41,0.39,2.38,0.42,7.22,1.84,2.75,239.55
2160,57B5/C/A3/2012,76.2692,14.8192,56.73,19.25,5.03,0.45,1.91,0.94,0.05,1.33,2.72,0.04,465.6,21.3,10.9,58.6,12.8,28.9,35.1,9.2,161.1,104.5,26.5,208.6,15,55.7,23.6,40.5,28.9,61.82,6.1,23.05,4.9,1.07,0.84,4.65,5.33,1.14,3.55,0.62,4.16,0.68,11.12,2.47,5.12,142.16
2158,57B5/C/A1/2013,76.2973,14.9258,63.58,18.64,3.34,0.3,1.06,0.7,0.04,2.29,3.78,0.04,425.4,14.7,7.8,41.2,10,32.8,28.3,5.9,102.1,141.9,24.2,207.2,6.3,44.2,20.8,21.8,18.84,50.58,4.38,15.46,3.62,1.09,0.63,3.3,3.7,0.8,2.62,0.36,2.77,0.52,6.37,1.2,1.7,105.37
2161,57B5/C/B1/2013,76.3826,14.9232,58.05,21.71,5.54,0.59,0.78,0.8,0.06,1.92,3.62,0.07,547,20.9,6.1,53.5,44.6,34.2,17.7,9.2,130.7,163.2,25.6,446.8,12.4,35.2,11.3,55,165.02,285.17,30.2,96.14,13.28,2.38,1.19,9.38,4.94,0.8,2.34,0.37,2.42,0.51,14.75,0.96,7.08,604.76
2162,57B5/C/B2/2013,76.4125,14.8697,57.82,18.84,5.83,0.77,2.7,1.42,0.07,2.09,1.79,0.05,576,16.6,10.1,85.1,27.3,16,32.8,13,76.6,362.3,24.9,370.7,15.5,54,32.7,46.1,111.32,225.61,23.37,79.59,13.31,2.83,1.29,9.45,6.87,1.19,3.23,0.46,2.92,0.45,10.8,1.86,2.36,472.44
2166,57B5/C/C3/2012,76.4571,14.8242,57.84,19.97,5.78,0.85,1.48,1.19,0.07,1.99,2.85,0.09,720.2,20.6,7.1,66.9,24.3,26.5,27.3,12,101.6,314.7,52.7,483.3,26.5,48.7,20.1,50.2,137.87,233.55,29.33,99.49,16.87,3.41,2.1,13.12,11.57,2.18,6.28,1.02,6.36,0.92,12.42,3.05,2.98,550.95
2165,57B5/C/C2/2013,76.4815,14.8735,57.39,18.48,6.18,1.34,1.7,2.33,0.15,2.49,2.92,0.17,1942.8,17.7,6,74,60.3,17.4,26.9,17.4,105.7,754.9,62.6,833.3,32.9,52.6,34,94.3,130.56,241.86,26.76,94.96,15.32,3.67,1.51,10.34,7.76,1.43,3.9,0.64,4.38,0.76,19.64,1.93,4.71,533.51
2163,57B5/C/B3/2013,76.34,14.8016,58.72,19.49,5.49,0.44,1.74,0.87,0.06,1.38,2.95,0.04,499.7,16.2,11.4,69,8.2,25.6,84.9,12,111.1,108.3,32.4,191.2,10.6,128.3,30.6,26.9,23.43,47.41,4.85,17.09,3.4,0.94,0.61,3.37,4.31,1.07,3.06,0.51,3.54,0.56,6.65,1.87,2.12,110.78
2865,57B15/A1/C/14,76.7917,14.4583,58.06,20.05,5.6,0.71,1.75,2.29,0.07,1.36,1.72,0.05,291.5,11.5,9.3,69.9,8.3,15.6,31,12,81.4,172.1,13.8,409.8,2.5,64.5,53,56.1,56.65,102.09,9.24,30.92,4.51,1.32,0.56,3.72,3.05,0.56,1.65,0.26,1.74,0.31,16.62,1,2.13,212.86
2873,57B15/C3/C/14,76.9583,14.2917,66.98,16.93,3.43,0.43,1.02,0.58,0.06,1.25,4.13,0.06,554.3,11.5,7.4,41.7,17.7,25.2,21.4,5.2,164.9,129.6,21.1,597.5,2.5,49.1,18.7,20.8,48.18,91.13,9.61,32.06,6.05,0.83,1.04,5.77,6.43,1.33,4.72,0.8,5.31,0.9,22.65,1.74,0.3,208.39
2870,57B15/B3/C/14,76.875,14.2917,52.27,21.46,7.4,0.78,2.16,2.21,0.07,0.83,1.42,0.07,465.3,16.5,12.7,98.8,8.4,13.5,75.6,15.2,77.9,151.6,24.2,430,2.5,124.2,32.7,48.2,61.34,99.86,12.79,46.11,7.76,1.83,0.98,6.64,5.48,0.96,2.87,0.44,2.64,0.43,20.89,0.99,3.31,243.49
2867,57B15/A3/C/14,76.7917,14.2917,55.2,16.31,8.68,0.82,2.69,3.23,0.15,1.29,1.34,0.15,612.9,19.4,15.1,98.6,23.8,20.3,59,20.2,80.7,128.7,34.9,288,22.2,97.7,71,71.9,91.32,189.64,15.96,56.28,9.66,2.01,1.3,8.29,7.46,1.29,3.88,0.62,3.62,0.58,12.12,10.42,5.92,383.62
2872,57B15/C2/C/14,76.9583,14.375,73.6,12.84,2.3,0.3,1.78,0.58,0.04,2.05,3.22,0.05,790.9,7.3,8.3,32.2,19.2,18.8,13,2.9,90.3,159.4,42.4,893.3,2.5,44.1,8.9,14,91.86,147.66,16.67,60.4,11.49,1.72,2.11,12.27,14.19,2.86,9.19,1.56,9.65,1.59,37.69,0.71,4.56,370.95
2869,57B15/B2/C/14,76.875,14.375,57.9,19.41,5.65,0.68,2.6,2.15,0.07,1.67,1.73,0.13,325.5,14.8,11.9,75,13.1,18.2,35.2,10.8,83.4,183,22.8,503.2,2.5,75.8,46,46.5,54.66,102.78,10.65,36.42,5.97,1.46,0.76,5.16,4.21,0.74,2.09,0.32,2.11,0.36,18.48,0.93,2.16,222.53
2866,57B15/A2/C/14,76.7917,14.375,57.72,18.54,5.91,0.8,3.08,1.87,0.07,1.75,1.6,0.13,333.7,12,10.5,74.3,20.1,13.9,32.2,10.2,86.1,177.8,20.6,479.7,2.5,55.4,29.9,58.9,115.07,171.95,17.12,55.06,7.73,1.6,0.9,5.88,4.81,0.81,2.43,0.38,2.5,0.41,17.29,1.18,2.48,380.77
2871,57B15/C1/C/14,76.9583,14.4583,56.55,13.57,8.42,1.1,3.09,3.51,0.2,1.61,2.32,0.37,630.9,15.7,14,102.7,33.5,13.8,38.2,19.9,133.4,132.3,53.6,570.9,20.4,84.8,39.8,95,175.89,306.39,32.43,112.53,19.54,2.9,2.51,16.24,13.32,2.26,6.5,0.99,6.02,0.93,24.04,3.06,5.35,682.21
2868,57B15/B1/C/14,76.875,14.4583,55.67,16.12,6.19,0.85,5.74,2.79,0.09,1.8,1.71,0.11,382.5,12.7,15.3,104.2,17.5,15.5,43,15.4,78.9,147.5,31.3,307.9,6.9,77.7,39.3,47.1,55.42,122.45,12.32,45.88,9.38,1.97,1.58,9.36,9.76,1.89,5.57,0.91,5.58,0.93,13.83,1.84,3.94,273.64
2742,57A10/3A/C/14,76.516,15.5424,58.08,18.06,5.32,0.72,2.49,1.45,0.07,1.16,1.87,0.07,302,39,13,77,9,22,40,8,98,314,16,252,13,67,32,68,48.05,88.6,9.66,31.78,5.72,1.57,0.61,4.15,3.54,0.59,1.74,0.29,1.64,0.29,8.47,0.92,2.83,194.08
2740,57A10/1A/C/15,76.5232,15.7298,38.2,9.02,10.61,0.93,12.24,5.19,0.12,1.11,0.27,0.08,355,36,16,99,4,8,35,24,19,199,29,138,7,43,30,67,10.74,29.48,3.53,14.92,3.79,1.24,0.82,4.83,6.04,1.23,3.88,0.49,3.66,0.58,4.25,0.47,2,80.4
2741,57A10/2A/C/14,76.5439,15.6307,48.06,17.72,4.92,0.7,7.63,1.18,0.05,0.75,1.64,0.05,260,27,16,72,9,23,47,9,94,226,16,205,11,74,29,59,42.46,66.39,8.72,29.53,5.14,1.28,0.66,4.11,3.57,0.69,1.93,0.28,1.84,0.26,6.33,0.9,2.76,162.75
2744,57A10/2B/C/14,76.5969,15.6567,63.57,16.72,4.37,0.53,0.98,1.37,0.05,0.72,2.95,0.07,314,33,10,57,19,22,33,9,182,101,23,296,15,58,25,54,51.25,86.78,10.71,37.79,6.19,1.19,0.83,4.96,4.39,0.81,2.46,0.35,2.74,0.41,9.79,1.64,6.96,205.9
2745,57A10/3B/C/15,76.6447,15.5396,59.17,16.78,3.99,0.58,4.24,1.06,0.06,1,2.24,0.06,337,41,13,67,13,25,33,8,102,246,16,264,9,71,21,48,21.92,46.58,4.57,16.76,3.15,0.82,0.46,2.9,2.57,0.56,1.71,0.22,1.37,0.28,6.95,0.75,3.36,100.97
2743,57A10/1B/C/15,76.6616,15.7139,61.32,14.38,3.18,0.4,5.37,1.1,0.07,1.85,3.41,0.06,401,30,10,40,28,23,23,3,230,83,27,213,18,32,21,51,44.74,96.96,9.91,36.32,6.74,1.17,0.95,6,5.75,1.06,2.92,0.48,3.58,0.51,10.95,2.25,9.25,211.09
2748,57A10/3C/C/14,76.6698,15.5025,33.57,8.1,2.99,0.61,23.87,1.88,0.06,1.24,0.63,0.07,467,20,20,58,8,24,56,13,41,379,26,143,6,44,16,61,29.97,47.42,6.55,25.46,4.37,0.96,0.61,4.44,3.55,0.7,1.85,0.25,1.53,0.28,4.38,0.6,4.34,123.5
2747,57A10/2C/C/14,76.7176,15.6022,45.94,13.3,27.04,0.44,0.89,1.35,0.1,0.14,0.83,0.13,1748,36,10,50,4,15,53,21,32,38,14,98,7,66,24,53,17.03,35.57,3.98,15.63,2.78,0.73,0.4,2.9,2.67,0.47,1.41,0.23,1.44,0.24,4.95,0.46,3.98,82.58
2746,57A10/1C/C/15,76.7265,15.7304,42.78,12.02,4.36,0.68,16.38,1.88,0.12,2.06,0.61,0.1,827,24,18,97,7,21,39,14,34,478,24,234,8,35,16,67,48.93,99.65,11.7,44.21,7.07,1.97,0.82,5.85,4.54,0.83,1.94,0.33,1.76,0.32,6.42,0.44,6.21,224.07
2413,57E12/09/C/04,77.7228,15.2175,57.57,12.94,9.35,2.63,3.16,1.43,0.17,1.82,1.54,0.79,553.2,24.2,20.8,137.9,33.1,76.4,15.2,14.4,72.5,133.7,49.6,875.7,91.3,23.9,47.5,176.2,160.28,315.2,42.46,160.27,29.98,7.28,3.48,24.92,16.37,3.22,8.07,1.24,7.96,1.12,13.12,6.23,9.6,756.93
2761,57A15/B1/C/14,76.871,15.4845,52.04,13.39,5.43,0.83,8.8,2.54,0.16,0.83,1.19,0.07,504.3,9.3,11.7,93.6,5.2,6.4,42.2,23.1,22.5,128.8,2.5,239.8,14.8,82.4,30.8,12.1,60.69,125.01,10.62,35.44,5.94,1.45,0.67,5,4.59,0.9,2.37,0.28,2.56,0.37,8.33,0.91,2.06,250.89
2762,57A15/B2/C/14,76.8963,15.393,39.61,9.89,7.31,0.65,18.51,1.85,0.07,0.64,0.71,0.09,168.3,8.3,16.7,122.7,5.6,6.4,31.6,18.1,2.5,62,9.9,99.2,11.7,89.7,30.3,14,22.84,50.06,4.87,19.06,3.04,0.82,0.44,3.08,3.06,0.68,1.72,0.27,1.75,0.33,4.9,0.35,0.25,108.94
2763,57A15/B3/C/14,76.9091,15.3232,54.96,19.59,5.04,0.61,1.35,1.11,0.05,0.84,2.65,0.06,290.6,12.2,7.7,67.2,11.5,4.7,26,15.6,72.2,50.8,2.5,437.6,22.8,77.8,12,18.6,64.94,180.48,17.21,58.81,12.55,1.13,1.49,10.73,11.36,2.33,5.68,0.8,6.38,0.93,19.54,1.97,4.63,364.09
2765,57A15/C2/C/14,76.9392,15.3461,59.07,12.05,6.56,0.3,5.27,2.93,0.28,0.21,0.18,0.04,147.1,7.6,7.5,87.4,2,7.3,16.7,11.6,2.5,160.7,2.5,149.8,9.2,81.9,7.5,5,13.9,32.14,3.02,11.34,2.33,0.6,0.32,1.88,1.83,0.34,0.99,0.15,0.83,0.16,3.46,0.37,1.03,67.95
2764,57A15/C1/C/14,76.9593,15.4524,71.56,7.71,1.92,0.47,5.95,1.28,0.05,2.02,0.58,0.05,374,5.4,9.1,38.7,2,8.6,9.5,5.1,2.5,257.3,2.5,507.9,11.8,50.9,7,5,14.73,30.81,3.53,13.32,2.58,0.8,0.4,2.51,2.64,0.44,1.53,0.23,1.52,0.28,14.95,0.51,1.59,72.81
2766,57A15/C3/C/14,76.9894,15.3057,60.06,9.48,8.25,0.56,11.16,0.82,0.05,1.15,0.69,0.08,267.4,5.8,9.8,36.8,4.7,9.6,6.9,14.1,2.5,156,2.5,501,12.9,91.1,11,5,17.71,35.42,3.24,11.69,1.7,0.62,0.31,1.64,1.72,0.36,1.05,0.15,1.22,0.21,15.46,0.4,1.11,75.4
2273,57F11/A8/C/12,77.7083,14.375,47.46,22.11,9.43,0.89,2.02,1.49,0.11,0.96,1.32,0.12,590,28,20,160,15,3,80,22,50,254,22,272,7,225,62,83,118.32,200.78,23.48,83.22,10.56,2.85,1.16,8.71,5.68,0.87,2.28,0.39,2.85,0.42,8.23,0.91,2.13,452.86
2272,57F11/A7/C/12,77.7083,14.4583,51.44,16.8,7.87,1.25,4.39,3.28,0.17,1.96,1.65,0.4,595,27,12,154,18,13,31,20,64,473,34,344,11,55,52,147,196.11,368.08,39.8,148.08,19.71,5.38,1.8,13.74,8.57,1.38,3.56,0.53,3.45,0.59,10.11,1.14,3.5,797.04
2271,57F11/A6/C/12,77.625,14.2917,57.33,17.56,6.09,1.04,2.74,3.01,0.11,2.57,1.73,0.29,236,26,11,109,21,7,16,16,106,420,24,375,12,23,5,146,109.45,172.62,23.51,88.82,12.2,2.8,1.21,8.66,5.71,1.02,3.06,0.56,2.94,0.47,13.09,3,3.71,424.37
2270,57F11/A5/C/12,77.625,14.375,46.26,17.9,10.48,1.53,5.14,4.09,0.14,1.18,0.99,0.35,486,21,20,287,9,15,56,47,25,401,17,133,10,59,132,112,49.31,134.08,12.95,53.94,8.86,2.92,0.98,6.53,4.74,0.81,2.17,0.41,2.32,0.38,4.49,0.72,1.96,273.87
2269,57F11/A4/C/12,77.625,14.4583,42.8,19.89,13.57,1.07,5.28,3.06,0.2,0.77,0.22,0.06,174,20,33,336,7,14,111,46,6,90,18,126,2.5,328,97,64,9.19,17.22,2.63,11.94,2.69,0.85,0.59,3.19,3.54,0.75,2.17,0.35,2.39,0.38,2.98,0.21,0.76,54.69
2274,57F11/A9/C/12,77.7083,14.2917,52.41,17.67,8.69,1.33,2.22,3.08,0.12,1.17,1.58,0.15,634,31,18,160,19,23,25,24,69,307,30,419,29,44,25,188,144.35,254.2,25.86,99.45,12.95,3.42,1.37,9.67,7.42,1.25,3.62,0.64,4.73,0.73,14.59,3.05,5.22,559.99
2401,57E11/002/C/05,77.6339,15.3258,50.79,21.07,7.21,0.75,1.58,0.85,0.07,0.28,2.15,0.05,419.4,22,16.9,132.4,20.7,42.2,80.4,12.7,161.5,114.3,15.7,264.8,16.6,100,38.3,36.1,162.25,217.15,31.86,112.5,18.82,3.19,2.23,15.35,10.52,2.05,5.29,0.83,5.34,0.75,25.35,3.54,11.82,572.78
2403,57E11/004/C/05,77.6339,15.3744,31.74,7.89,1.99,0.32,29.66,1,0.03,1.19,1.97,0.04,271.9,10.2,43.2,34.7,27.4,23,6.9,3.1,104.7,133.2,6.3,169.9,18.2,12.2,6.9,17.1,40.36,75.48,8.34,30.17,5.55,0.85,0.66,4.74,2.85,0.53,1.34,0.2,1.33,0.2,9.1,0.52,4.91,167.86
2405,57E11/006/C/05,77.6556,15.4886,31.51,10.71,3.17,0.43,26.35,1.01,0.04,0.46,1.48,0.05,231.1,11.5,43.2,44.2,16,26.5,17.8,4.1,107,147.6,14.1,262.7,16.8,35.4,13.8,25.8,53.59,96.39,10.89,39.81,6.88,1.45,0.96,6.19,4.91,1,2.65,0.44,2.9,0.4,11.97,0.72,4.27,222.27
2406,57E11/007/C/05,77.6681,15.4444,54.6,17.82,8.12,0.87,1.78,1.53,0.08,0.64,2.43,0.2,413.8,24.2,19.1,126.5,21.3,37.9,40.9,10.6,203.4,111.2,32.8,496.7,44.7,58,26.5,60.9,81.52,157.77,17.19,64.63,11.44,2.03,1.59,10.28,8.6,1.79,4.78,0.84,5.86,0.82,15.9,3.73,4.99,358.86
2402,57E11/003/C/05,77.5308,15.3447,0,0,0,0,0,0,0,0,0,0,0,0,0,0,0,0,0,0,0,0,0,0,0,0,0,0,35.41,70.01,7.27,26.95,4.75,1.42,0.64,4.24,3.28,0.69,2,0.33,2.23,0.33,8.34,0.86,3.42,155.31
2400,57E11/001/C/05,77.5433,15.3181,56.59,17.72,6.31,0.89,1.07,2.1,0.04,1.13,2,0.09,455.5,25.6,8.4,96.5,73.4,24.8,48.1,7.3,92.9,101.8,37.3,674.5,41.7,56.3,12,23.9,82.77,172.9,16.46,61.23,9.58,2.84,0.95,7.44,4.32,0.82,2.12,0.33,2.17,0.32,13.73,0.1,1.86,356.81
2404,57E11/005/C/05,77.5542,15.4353,68.54,12.72,3.06,0.42,2.52,1.03,0.04,1.39,3.26,0.03,426.7,12.9,9.3,57.5,19.7,28.1,24,4,158.9,225,14.5,300.8,15.3,40.4,15.2,27.2,24.29,49.5,5.35,20.39,4.14,1.1,0.57,3.69,2.97,0.62,1.78,0.3,2.07,0.33,9.33,1.39,3.38,113.41
2198,57F3/C5/SS/13,77.137,14.399,56.97,18.69,6.12,0.74,2.07,1.55,0.07,1.69,2.3,0.09,691.9,18.2,11,96.4,18.8,20.9,50.4,14,81.2,306.9,23.7,665.9,9,77.2,33.9,37.3,73.89,124.56,12.89,45.47,7.58,1.49,0.92,6.23,5.51,1.05,3.18,0.48,3.25,0.51,22.99,0.76,4,280.78
2154,57B4/6/C/11,76.2127,14.1339,58.54,19.78,9.69,0.73,0.06,0.25,0.05,0.56,0.28,0.03,88,22,12,170,8,32,97,13,10,84,30,266,10,141,56,138,14.8,49,4.41,19.5,4.6,1.9,5,0.8,4.79,1.1,2.9,0.5,3.2,0,6.8,0.67,9.4,111.7
2758,57A15/A1/C/14,76.8209,15.444,69.68,13.73,3.23,0.5,0.85,1.11,0.05,1.36,2.9,0.06,276.9,10.8,6.1,38,7.4,1,11.1,8.7,62.8,65.7,2.5,533.5,16.4,58.3,18.4,9.7,31.98,104.08,6.34,21.76,3.84,0.73,0.62,3.84,3.74,0.67,2.48,0.39,2.55,0.46,12.46,0.96,2.31,179.64
2759,57A15/A2/C/14,76.8265,15.3664,56.8,12.35,2.45,0.4,12.84,1.24,0.04,0.96,2.56,0.07,288.4,7.3,12.8,32.4,11.1,5.2,12.5,6.2,56.7,83,16.6,246.6,14.4,53.8,6.8,12.2,14.76,44.69,3.66,13.69,3.51,0.31,0.46,3.56,4.92,0.59,3.13,0.33,2.4,0.49,8.85,1.07,2.91,92.94
2896,57A/7/A3/C/13,76.2917,15.2917,21.42,6.83,3.74,0.41,33.1,2.26,0.07,0.78,0.2,0.05,138,2.5,36.7,52,2,7.1,4.5,9.7,19.1,223.6,25.4,8.4,2.5,20.1,29.2,5,15.57,17.97,3.62,14.19,2.85,0.73,0.55,3.36,3.59,0.68,2.09,0.37,1.99,0.31,2.5,0.09,3.95,64.51
2754,57A11/B3/C/14,76.625,15.2917,33.47,9.35,2.17,0.54,25.55,2.24,0.05,2.34,0.45,0.07,294,11,15,55,4.8,6.3,12,8,2.5,224,64,181,12,42,14,10,33.89,61.15,7.46,29.13,5.02,1.29,0.82,5.22,4.07,0.76,2.41,0.27,2.09,0.29,10.02,0.74,3.63,148.65
2753,57A11/B2/C/14,76.625,15.375,52.26,12.72,5.97,0.87,7.06,2.35,0.18,0.85,0.54,0.06,346,5.2,12,116,7.7,8.6,59,32,11,154,2.5,209,13,105,31,5,32.99,86.98,7.95,27.08,5.08,1.15,0.85,4.91,4.33,0.9,2.76,0.45,2.53,0.43,6.88,1.15,5.4,173.48
2752,57A11/B1/C/14,76.625,15.4583,49.31,16.73,3.81,0.6,10.5,1.44,0.07,3.1,1.99,0.08,760,13,9,48,6.2,7.9,10,11,17,309,2.5,236,12,53,1.5,40,60.99,128.75,13.31,48.45,7.65,1.81,0.69,5.88,4.07,0.81,2.07,0.24,1.71,0.2,9.76,0.63,4.12,270.75
2757,57A11/C3/C/14,76.7083,15.2917,41.44,12.46,4.6,0.66,17.56,2.05,0.07,1.9,0.42,0.08,319,7.4,15,97,8.2,6.4,26,13,2.5,205,22,144,13,61,27,15,26.23,45.89,6.45,22.99,4.6,1.33,0.64,4.18,3.17,0.65,2.16,0.26,1.74,0.22,4.32,0.51,2.93,116.33
2756,57A11/C2/C/14,76.7083,15.375,56.55,17.44,6.61,0.8,3.46,2.24,0.15,3.12,1.31,0.19,922,13,10,156,4.7,8.9,14,20,2.5,250,2.5,273,14,73,5.9,47,64.06,134.94,13.28,47.96,8.57,2.22,0.85,6.49,3.93,0.58,1.78,0.21,1.86,0.25,9.45,0.75,5.81,280.49
2755,57A11/C1/C/14,76.7083,15.4583,57.02,21.6,4.71,0.59,1.56,1.15,0.04,1.01,1.75,0.06,286,15,5.8,68,6.1,12,22,12,42,170,2.5,166,11,72,14,16,21.31,47.78,5.39,17.56,3.39,0.9,0.44,3.21,2.39,0.52,1.53,0.21,1.38,0.19,6.1,0.56,2.86,102.99
2893,57A/7/C/A2/13,76.2917,15.375,56.86,21.01,6.98,0.75,0.89,1.52,0.04,1.28,2.91,0.06,709.3,17,6.8,59.2,75.8,1,19.3,6.9,158.4,107.3,23.3,690,6.4,47.3,19.3,81.6,127.66,228.68,26.23,83.78,12.61,1.37,1.15,9.28,5.49,0.83,2.37,0.32,2,0.32,11.68,0.74,2.74,492.81
2890,57A/7/C/A1/13,76.2917,15.4583,54.61,20.41,6.21,0.67,2.04,1.12,0.04,1.02,2.57,0.08,707.9,17.3,7.2,64.1,33,8.9,27,10.1,109.6,108.2,35.3,576.6,2.5,39.7,19.3,47.2,107.64,154.57,21.51,68.95,10.18,1.89,1.13,8.81,6.26,0.99,3.23,0.45,2.9,0.5,13.5,1.82,2.6,380.2
2894,57A/7/C/B2/13,76.375,15.375,61.75,19.01,4.95,0.51,0.55,0.81,0.08,1.37,2.77,0.07,347.9,14.6,7.6,61.2,34.3,18.4,30.9,14.5,151,83.5,23.8,343.8,5.8,48,50.4,50.7,93.35,142.58,19.86,66.16,10.96,1.64,1.59,10.14,10.1,1.84,6.16,0.8,5.22,0.76,12.03,3.76,2.52,361.02
2891,57A/7/C/B1/13,76.375,15.4583,53.04,21.96,6.84,0.68,0.96,1.03,0.05,0.64,2.47,0.08,448.1,17.6,7.9,79.2,41.8,10.8,42.7,9.5,143.3,93.2,35.2,560.8,8.6,56.2,27.5,46,31.27,331.7,8.23,29.71,4.73,0.74,0.72,4.58,4.65,0.89,3.07,0.53,3.81,0.65,8.28,3.48,3.04,420.7
8053,57A14/C3/C/14,76.985,15.5106,54.58,21.42,6.73,0.44,0.81,1.1,0.02,0.05,1.98,0.04,94,10,5,97,5.8,3.4,43,12,65,28,2.5,114,11,114,10,5,17.01,36.23,3.8,13.46,2.5,0.57,0.35,2.28,2.13,0.38,1.31,0.19,1.26,0.23,3.94,0.71,1.34,79.42
8050,57A14/B3/C/14,76.8986,15.5444,50.84,13.53,6.06,0.87,7.18,2.91,0.11,0.43,0.73,0.07,306,7.1,13,97,6.3,10,72,25,18,174,2.5,231,14,123,30,5,43.04,91.01,10.69,39.78,8.01,1.9,1.07,7.06,6.31,1.18,3.46,0.55,3.28,0.55,11.78,1.6,5.51,210.83
8046,57A14/A2/C/14,76.8108,15.5969,52.76,21.26,5.95,0.59,1.74,1.14,0.05,0.73,2.78,0.05,503,14,9.2,64,11,9.8,27,14,73,149,2.5,304,18,79,19,22,129.86,161.73,20.62,65.64,9.05,1.66,0.85,5.88,4.07,0.74,2.23,0.37,2.27,0.45,10.7,1.91,5.09,399.54
8052,57A14/C2/C/14,76.94,15.6161,55.78,21.72,7.58,0.44,0.52,0.87,0.02,0.05,1.87,0.04,122,12,5.9,113,5.2,4.4,53,15,70,27,2.5,118,13,133,6.5,10,11.34,71.41,2.63,9.23,1.75,0.43,0.27,1.55,1.7,0.29,1.01,0.14,1.11,0.18,3.15,0.58,1.12,101.49
8049,57A14/B2/C/14,76.8447,15.6231,19.05,4.55,1.99,0.4,41.38,1.32,0.03,2.53,0.21,0.08,323,2.5,17,51,4.6,6.2,6.9,3.9,2.5,296,136,133,12,37,2.1,5,42.42,79.4,9.28,35.06,6.05,1.44,0.56,4.43,2.84,0.49,1.33,0.2,1.19,0.21,4.43,0.43,1.41,180.47
8051,57A14/C1/C/14,76.9742,15.6767,24.37,7.77,2.49,0.37,33.49,1.49,0.06,0.76,0.4,0.06,324,6.2,16,65,2,5.9,29,13,2.5,173,89,79,11,49,18,5,24.15,29.89,5.81,23.77,4.86,1.23,0.6,4.4,3.47,0.61,1.72,0.26,1.57,0.25,2.6,0.26,3.99,98.19
8048,57A14/B1/C/14,76.8383,15.7186,50.27,13.05,4.34,0.71,12.99,2.11,0.08,0.92,0.67,0.08,340,6.9,12,91,4,8.5,24,13,5.7,298,2.5,348,12,69,15,10,35.21,68.68,8.02,29.55,5.47,1.57,0.68,4.76,4.11,0.72,1.98,0.34,1.88,0.38,10.66,0.81,1.88,158.59
2145,57B02/104D/C/13,76.1096,14.6348,84.27,6.7,1.96,0.73,1.48,0.38,0.05,0.95,1.53,0.04,208.8,9.4,8.1,42.2,11.9,11.1,13.9,5.6,33.7,91.2,29.3,571.2,6.6,95.2,9.9,14.1,28.55,57,6.44,24.21,5.31,0.8,1.2,7.03,8.97,1.85,6.39,1.06,6.98,1.16,20.34,0.92,3.33,149.92
2146,57B02/134C/C/13,76.1362,14.6805,33.05,11.57,4.55,0.46,23.24,1.2,0.07,0.17,1.26,0.06,295,9.7,30.2,67.7,8.2,8.3,43.6,11.7,31.8,103.1,25.5,40.8,6.6,54.8,49.6,18.8,16.11,36.16,3.65,13.19,2.73,0.67,0.4,2.66,2.69,0.51,1.72,0.24,1.69,0.25,3.4,0.4,1.36,80.01
2148,57B02/182A/C/13,76.2424,14.7223,52.99,19.94,5,0.45,4.53,1.12,0.05,1.17,2.15,0.04,425.1,17.2,10.4,60.2,21.6,12.2,49.8,7.4,72.8,106.2,19.7,217.2,8.3,57.7,38.5,27.8,43.12,120.83,9.2,28.97,4.45,0.84,0.48,3.35,2.75,0.47,1.48,0.24,1.38,0.25,8,0.74,1.77,214.46
2143,57B02/81D/C/13,76.2011,14.6023,67.85,16.04,5.53,0.22,0.44,0.9,0.03,0.15,3.44,0.05,107.4,16.8,7.2,38,13.2,6.5,17,9.5,82.5,16.6,51.3,155.2,13.3,41.9,30.9,29,19.39,79.46,5.31,19.88,5.04,0.74,1.34,6.84,9.83,1.97,6.6,1.05,6.87,1.14,5.54,1.71,3.44,158.62
2173,57B08/C1/C/13,76.4583,14.2083,49.9,14.14,8.43,0.76,9.01,2.63,0.16,1.49,0.59,0.13,384.2,12.5,21.1,136.4,2,15,82.9,30.1,23.1,157.1,31.7,112.3,7.4,84.2,50.1,46.1,58.74,114.18,12.83,46.13,8.09,1.95,1.21,7.77,7.07,1.34,4.01,0.6,3.62,0.61,6.86,0.61,0.81,260.38
2175,57B8/C3/C/12,76.4583,14.0417,52.03,20.16,13.52,0.93,0.54,1.62,0.23,1.57,1.19,0.06,168,27,30,267,4,27,103,47,44,80,25,122,2.5,237,102,120,14.46,29.82,4.22,18.61,4.47,1.5,0.84,4.95,5.48,1.16,3.42,0.56,3.36,0.54,4.07,0.36,0.25,88.44
2174,57B8/C2/C/12,76.4583,14.125,36.17,13.05,9.49,0.79,17.08,4.09,0.13,0.14,0.25,0.05,74,21,36,163,2,5,100,23,17,91,17,59,8,202,85,78,5.07,9.03,1.4,6.43,1.64,0.59,0.35,1.98,2.29,0.51,1.49,0.24,1.44,0.24,1.44,0.1,0.25,30.72
2892,57A/7/C/C1/13,76.4583,15.4583,57.04,22.05,5.55,0.55,0.91,0.92,0.04,1.52,2.25,0.06,351.1,19.8,7.9,54.3,50.6,30.8,25.1,6.9,156,104,26.4,321.4,9.7,46.8,17.8,53.8,45.22,100.49,8.73,28.35,4.47,1.03,0.5,3.55,2.71,0.47,1.67,0.23,1.79,0.3,17.46,0.82,1.79,195.96
2133,57B1/C/A3/12,76.0201,14.7743,24.44,9.08,5.99,0.51,27.15,4.58,0.05,0.99,0.63,0.03,141,12,1.5,92,1,58,82,17,42,340,24,102,4,184,19,198,25.53,35.9,5.74,21.6,4.65,0.84,0.82,4.86,5.03,0.98,3.1,0.46,2.79,0.45,8.5,0.49,1.64,107.89
2132,57B1/C/A2/12,76.0255,14.8411,55.26,18.76,9.59,0.72,0.64,1.2,0.09,0.3,2.2,0.1,444,19,22,147,8,11,72,21,94,45,23,168,9,164,62,74,32.58,67.87,7.86,29.5,5.76,1.56,0.92,5.51,5.47,1.1,3.25,0.49,3.14,0.53,6.35,0.97,2.33,160.03
2172,57B8/B3/C/12,76.375,14.0417,48.53,18.62,17.14,0.73,0.9,1.83,0.54,0.1,1.88,0.08,298,26,25,174,2,19,134,45,72,38,23,91,2.5,242,95,152,12,26.58,3.09,13.15,3,1.13,0.61,3.35,3.94,0.82,2.45,0.39,2.36,0.38,2.83,0.39,0.63,69.9
2169,57B8/A3/C/12,76.2917,14.0417,47.45,18.34,16.5,1.2,1.47,2.24,0.17,0.05,0.3,0.02,231,26,32,264,2,20,148,62,26,47,25,106,2.5,245,160,186,11.35,21.34,3.17,14.07,3.49,1.23,0.68,3.91,4.35,0.92,2.75,0.44,2.75,0.44,3.08,0.31,0.25,66.98
2171,57B8/B2/C/12,76.375,14.125,50.92,14.59,21.43,0.56,0.53,1.65,0.31,0.05,0.36,0.08,206,23,17,110,2,35,220,31,24,28,16,68,2.5,375,78,80,10.66,22.02,2.68,11.52,2.6,1,0.5,2.92,3.11,0.67,1.97,0.31,1.8,0.29,2.67,0.34,0.65,59.13
2168,57B08/A2/C/13,76.2917,14.125,45.9,15.86,15.65,0.68,3.18,2.4,0.26,0.6,0.28,0.06,250.4,10.7,32.4,217.9,2,12.5,119.5,63.3,16.1,72.1,34,58.4,2.5,147.7,107,54.6,9.18,22.15,2.88,13.27,3.45,1.4,0.77,4.7,5.32,1.06,3.42,0.54,3.44,0.57,3.08,0.23,0.25,67.45
2340,57E/4/C4/SS/10,77.0086,15.1142,32.53,10.36,4.97,0.77,22.71,2.78,0.08,0.97,0.39,0.06,0.06,13,24,88,2,14,48,35,23,293,20,272,7,50,44,58,50.87,71.21,8.8,29.7,4.41,1.88,0.61,3.93,3.4,0.67,1.72,0.27,1.73,0.25,6.06,0.48,1.58,175.52
2341,57E/4/C5/SS/10,77.1147,15.1381,52.78,11.18,5.04,0.99,6.27,2.54,0.11,2.31,0.6,0.06,0.06,21,15,111,12,17,52,25,47,327,26,539,13,79,37,25,42.94,94.88,9.65,38.87,7.58,1.71,1.03,6.55,5.93,1.17,3.23,0.53,3.51,0.51,17.21,1.35,8.73,211.54
2233,57F07/004/C/12,77.284,14.3804,50.12,17.94,10.45,1.12,4.73,2.54,0.12,1.9,1.36,0.75,513.4,17.1,15.8,235.3,9.3,14.3,33.6,33,50.5,758.8,36.9,257.2,9.4,83.1,50.6,49.6,91.03,199.52,26.14,109.51,20.2,5.06,2.29,17.37,12.59,2.2,5.81,0.84,5.25,0.8,9.97,0.47,2.68,481.24
2157,57B4/9/C/11,76.2338,14.2171,32.07,15.85,35.54,0.42,0.25,0.24,3.85,0.08,0.21,0.11,266.6,19.8,12.7,87.5,2,17.3,77,0.5,28.6,40,29.1,82.9,11.6,310.5,30.6,41.9,13.5,40.5,2.85,11.6,2.5,1,0.5,3.2,3.15,0.8,2.3,0.4,2.4,0,3.1,0.43,2.1,81.5
2767,57A16/A1/C/14,76.7632,15.1752,30.88,7.4,4.5,0.44,26.18,1.93,0.06,0.16,0.59,0.07,180.5,6,16.6,51.5,4.8,6.5,37.2,16.1,2.5,71.1,57.1,63.9,8,92.7,29.4,5,8.14,13,1.86,7.03,1.49,0.39,0.28,1.69,1.66,0.37,1.06,0.18,1.04,0.19,3.02,0.43,1.11,36.69
2768,57A16/A2/C/14,76.825,15.1382,48.71,15.06,2.97,0.3,11.19,1.67,0.03,0.78,2.38,0.05,244.2,7.6,10.8,38.6,8.3,119.8,14.7,4.8,42.9,112.2,2.5,137.7,11.1,47.3,212.3,110.2,28.6,56.54,5.6,19.06,3.35,0.75,0.45,2.79,2.49,0.44,1.34,0.21,1.25,0.18,4.53,0.82,2.36,120.26
2771,57A16/B2/C/14,76.8449,15.107,57.07,18.83,7.16,0.82,1.32,1.53,0.14,2.09,2.92,0.12,786.9,13.1,7.1,40.9,15.3,23.1,13.3,18.5,49.6,149.7,2.5,553.1,24.9,71,26.1,76.5,171.74,371.51,23.23,74.79,11.22,2.32,1.38,8.99,7.77,1.39,4.45,0.69,4.51,0.67,19.38,3.08,9.77,675.67
2775,57A16/C3/C/14,76.9634,15.0267,30.7,6.93,5.36,0.54,28.36,2.13,0.04,0.15,0.35,0.04,169.5,6,17.1,75.7,2,6.4,34.1,12.1,2.5,77.2,64,78.4,8.4,106.5,19.2,5,7.01,10.78,1.62,6.38,1.39,0.39,0.27,1.58,1.88,0.32,1.14,0.17,1.13,0.22,4.56,0.81,1.33,32.7
2769,57A16/A3/C/14,76.7981,15.0593,51.33,15.15,4.21,0.36,8.88,1.94,0.05,1.24,3.54,0.05,179.5,10,9,75.3,6.7,6.2,16.8,12.4,107,95.1,2.5,137,9.7,61.5,12.3,5,9.51,16.65,1.99,6.97,1.71,0.38,0.38,2.07,2.74,0.56,1.76,0.28,1.68,0.26,3.94,0.72,5.82,44.87
2772,57A16/B3/C/14,76.8714,15.0615,47.45,11.52,6.96,0.49,11.94,2.82,0.09,1.36,1.22,0.06,215.9,9,18.1,100.5,2,4.9,50.5,22.9,10.1,163.1,2.5,106.7,9.7,198,48,10.6,13.19,19.2,2.7,10.52,2.31,0.58,0.36,2.17,2.3,0.41,1.52,0.22,1.54,0.23,4.89,0.58,1.12,55.08
2879,57B09/A1/C/S/13,76.5431,14.9519,47.8,25.32,12.36,0.42,0.35,0.52,0.34,0.08,1.92,0.04,279.5,14,7.9,63.1,11.1,31.8,26.6,5.8,86.3,60.2,11,138.1,2.5,88.4,372.8,76.9,38.21,71.63,7.36,25.07,4.4,0.97,0.57,3.76,3.54,0.66,1.94,0.32,2.08,0.33,7.48,1.38,4.62,157.08
2877,57B09/A2/C/S/13,76.6063,14.8555,56.41,16.43,4.44,0.49,4.35,1.66,0.07,1.08,2.8,0.05,339.2,12.9,14.3,52.1,27.8,29.2,29,8.2,167.7,136.9,38.2,180.4,10.2,45.4,22.5,42.9,25.81,57.71,5.35,19.02,3.88,0.76,0.62,3.63,4.08,0.81,2.54,0.44,2.95,0.47,10.88,3.64,3.82,124.44
2874,57B09/A3/C/S/13,76.5305,14.7569,58.7,18.11,4.98,0.48,2.91,1.18,0.08,1.51,2.52,0.05,426,15.5,11.4,65,13.2,19.1,39.7,11.2,109.3,156.4,27.9,298.4,5,53.5,23.5,32.4,27.08,52.28,5.38,18.95,3.64,0.89,0.58,3.32,3.77,0.74,2.3,0.4,2.66,0.42,10.47,1.34,3.15,119.09
2875,57B09/B3/C/S/13,76.5916,14.7679,55.46,16.38,4.18,0.46,6.17,1.39,0.1,3.16,2.3,0.05,605.1,12.2,14.4,60,11.8,21.1,31.6,11.2,101,254.9,27.7,266.6,5.2,57.2,25.9,32,42.86,84.98,8.98,32.15,6.3,1.3,1.21,6.6,8.81,1.83,6.04,1.03,6.79,1.08,15.91,3.64,9.16,203.36
2751,57A11/A2/C/14,76.5417,15.2917,55.56,15.87,4.33,0.59,5.69,1.84,0.1,0.39,2.86,0.06,409,5.2,11,111,8.1,12,48,23,53,112,2.5,164,12,84,29,34,37.34,80.12,8.04,30.29,5.5,1.23,0.56,4.11,3.71,0.78,2.01,0.3,2.02,0.3,5.56,1.17,6.12,172.2
2750,57A11/A2/C/14,76.5417,15.375,23.71,6.81,2.2,0.39,31.42,1.59,0.04,1.74,0.28,0.07,180,7.9,17,64,4.1,5.7,22,7.3,2.5,132,91,80,11,44,13,5,19.43,32.59,4.34,17.03,3.21,0.72,0.35,2.89,2.3,0.53,1.19,0.22,1.45,0.2,5.48,0.3,2.88,83.56
2749,57A11/A1/C/14,76.5417,15.4583,44.63,10.29,5.91,1.28,17.2,2.88,0.12,2.01,1.65,0.28,1004,12,18,140,16,9.4,30,23,35,217,17,346,20,89,37,43,62.77,170.62,16.25,60.78,11.55,2.18,1.22,8.81,6.42,1.24,3.02,0.4,3.55,0.52,13.74,1.53,7.69,340.52
2205,57F4/A3/C/13,77.06,14.03,52.87,23.16,7.28,0.7,0.87,0.92,0.05,0.67,1.73,0.05,365.7,16.2,10.9,97,9.3,21.6,43.2,18,101.3,97.6,15.9,345.5,2.5,61,33.1,46.9,28.06,62.58,6.74,23.12,4.24,1.13,0.53,3.67,2.96,0.53,1.53,0.25,1.62,0.26,11.45,0.99,0.56,133.55
2211,57F4/C3/C/13,77.207,14.037,60.14,19.86,4.99,0.61,0.86,0.72,0.05,1.18,3.55,0.1,579.6,15.6,8.4,59.9,27.9,17.1,27.3,7.4,148.8,123.1,37.7,591.9,12,43.5,22.9,42.8,59.36,153.47,13.8,48.83,9.51,1.44,1.35,8.37,8.28,1.63,4.73,0.78,4.63,0.75,23.59,2.71,4.12,308.56
2208,57F4/B3/C/13,77.092,14.046,56.07,22.74,5.47,0.52,0.98,0.79,0.04,1.31,2.57,0.05,360.1,17.5,6.7,56.5,32.1,11.2,23.3,5,134.8,107.7,19.8,573.8,2.5,36.6,11.8,41.9,91.66,221.48,19.01,62.15,9.71,1.52,0.99,6.98,4.95,0.9,2.6,0.45,2.65,0.47,23.04,0.91,4.32,418.54
2207,57F4/B2/C/13,77.104,14.116,59.14,19.73,5.6,0.63,1.15,0.87,0.06,1.22,2.84,0.08,597.6,14.9,8.7,68.6,30.6,15.9,31.6,9.4,123.2,126.9,34.5,924.3,9,57.9,25.2,34.1,88.74,136.22,18.77,63.86,10.77,1.79,1.2,8.44,6.83,1.25,3.58,0.59,3.8,0.61,24.27,1.57,1.45,338.01
2204,57F4/A2/C/13,77.025,14.115,55.35,20.17,8,0.62,1.58,1.24,0.09,0.86,1.99,0.07,476.6,13.3,13.4,100.9,14.5,19.2,85,20.6,86.1,105.3,29.8,684.2,2.5,151.8,54.4,35.2,34.07,87.72,7.93,28.97,5.6,1.23,0.81,5.17,4.8,0.93,2.85,0.48,3.18,0.54,20.91,1,0.94,179.11
2210,57F4/C2/C/13,77.179,14.144,55.23,20.02,6.12,0.77,2.38,1.07,0.09,1.84,2.46,0.07,572.3,18.2,7.8,53.4,34.2,19.6,21.6,12.4,113.8,135.4,50.7,558.7,14.2,35.3,25.1,77.3,201.68,326.73,43.97,128.54,20.51,2.81,2.41,16.13,13,2.37,6.6,0.99,5.56,0.87,22.98,2.41,9.31,756.04
2206,57F4/B1/C/13,77.092,14.195,57.47,20.71,5.81,0.62,2.12,0.88,0.06,1.81,2.05,0.08,267,16.9,14,96,15.3,23.1,35.9,11.6,97.3,148.8,25.5,461.7,5.2,57.5,38.1,45.1,26.73,52.19,6.38,23.13,4.59,1.26,0.76,4.66,4.83,0.98,2.95,0.51,3.19,0.55,13.69,1.15,0.98,128.05
2203,57F4/A1/C/13,77.037,14.208,54.54,18.59,5.77,0.7,2.56,0.97,0.08,0.93,2.72,0.05,661.7,14.7,12.5,74.9,27.2,13.9,38.3,13.6,122.3,127.5,30.9,601.1,7.9,50,30.5,39.2,74.15,120.02,14.54,49.27,7.8,1.56,0.93,6.41,5.14,0.93,2.66,0.46,2.88,0.46,18.66,1.27,1.04,280.8
2209,57F4/C1/C/13,77.212,14.218,54.64,20.84,6.88,1.05,1.65,1.67,0.1,1.2,1.94,0.11,497.6,18.1,10.3,80.3,30.2,20.8,23.5,16.3,91.6,133.6,69.1,799.4,16.3,41.9,29.6,78.9,175.22,316.45,45.02,141.07,23.38,3.7,2.7,17.9,14.7,2.66,7.21,1.15,6.41,0.96,28.49,2.3,7.29,740.63
2722,57A6/C1/C/14,76.3125,15.7183,57.44,19.74,5.49,0.76,2.34,1.42,0.06,1.49,2.23,0.08,459,8.8,8.7,87,6.2,15,27,15,29,214,2.5,430,14,83,18,10,54.5,103.82,10.84,39.97,7.02,1.62,0.79,5.36,4.34,0.81,2.12,0.36,2.23,0.36,19.04,0.85,1.96,228.78
2725,57A6/C4/C/14,76.3667,15.7289,53.49,22.16,7.33,1.02,2.12,2.52,0.06,0.9,1.96,0.1,251,12,8.7,94,6.3,13,25,19,34,233,2.5,440,14,111,20,32,52.8,120.2,11.18,39.44,6.68,2.05,0.72,5.17,3.78,0.69,1.99,0.3,1.98,0.3,15.86,0.87,2.45,242.11
2726,57A6/C5/C/14,76.3703,15.5919,53.91,23.02,7.31,0.81,1.3,0.85,0.07,0.59,2.59,0.08,687,16,14,131,16,14,63,17,128,192,8.8,492,12,152,40,22,36.5,71.04,7.32,25.42,4.85,1.15,0.59,3.74,3.02,0.65,1.53,0.26,2.24,0.3,16.33,0.64,1.37,154.87
2727,57A6/C6/C/14,76.3928,15.5378,59.45,19.7,4.59,0.55,1.19,1.2,0.08,2.1,3.36,0.06,531,18,5.1,18,19,1,6.7,12,75,175,2.5,339,21,85,6.4,22,90.12,173.35,16.46,54.53,8.96,1.45,0.83,6.18,3.73,0.6,1.4,0.2,1.63,0.24,14.61,0.75,3.67,353.5
2729,57A6/C8/C/14,76.4572,15.6089,58.2,20.79,5.94,0.72,2.42,1.3,0.08,1.17,2.29,0.08,390,12,11,104,7.9,8.9,33,17,35,174,2.5,358,14,112,23,13,25.79,46.04,5.36,19.52,3.81,1.04,0.55,3.52,3.22,0.64,1.64,0.25,1.67,0.3,14.27,1.02,1.44,109.83
2728,57A6/C7/C/14,76.4553,15.7222,59.16,20.87,5.07,0.74,1.08,0.92,0.06,0.98,2.74,0.06,317,9,8.9,69,9.4,10,26,15,74,116,2.5,249,15,96,20,8.6,41.02,74.8,8.15,28.3,5.01,1.13,0.68,4.29,3.89,0.78,2.2,0.35,2.55,0.39,11.19,1.63,3.47,169.25
2730,57A6/C9/C/14,76.4689,15.5764,33.65,10.11,2.26,0.41,26.98,1.05,0.04,0.59,1.15,0.09,239,5.2,15,33,5.2,5.5,16,7.5,8.7,126,157,128,11,44,15,6,30.17,50.95,5.78,19.85,3.35,0.67,0.35,2.3,1.7,0.32,0.86,0.11,0.83,0.13,5.15,0.1,0.83,115.07
8047,57A14/A3/C/14,76.7847,15.5056,54.9,20.77,5.97,0.61,1.88,1.27,0.06,0.8,2.88,0.05,497,8.5,6.3,62,12,11,25,15,73,147,2.5,325,17,78,19,18,105.92,106.16,16.2,52.15,6.7,1.25,0.59,4.28,2.85,0.49,1.39,0.2,1.46,0.25,6.3,0.66,4.58,295.61
8045,57A14/A1/C/14,76.78281413,15.71450575,63.84,15.34,5.92,0.98,1.99,1.76,0.1,0.85,1.6,0.07,323,11,9.1,109,4.5,7.1,31,20,23,115,2.5,362,15,115,19,10,21.88,51.12,5.2,19.39,4.21,1,0.66,3.99,4.43,0.86,2.81,0.43,2.54,0.47,9.37,1.06,2.45,115
2202,57F3/C9/SS/13,77.227,14.449,46.13,12.75,5.87,0.8,11.07,4.94,0.04,1.24,0.76,0.26,367.2,18.5,18.4,77.5,35.7,1,32.6,11.2,29.1,247.9,45.6,731.2,29.6,56.9,8.6,23,125.62,246.13,41.16,143.47,25.98,3.54,3.25,20.84,19.82,3.68,10.77,1.64,10.41,1.55,28.47,4.21,7.76,637.02
2213,57F5/002C/10-12,77.3436,14.8194,55.76,18.12,8.22,1.35,2.44,1.92,0.09,1.93,2.56,0.19,784.6,24.8,14.3,140.6,24.9,17.8,28.1,17.2,94.3,230.9,72.8,1642.7,33.1,104.1,46.5,93.7,134.68,234.42,27.92,107.19,18.54,4.24,2.65,17.6,13.7,2.9,7.78,1.21,7.71,1.15,51.79,1.75,2.96,564.09
2214,57F5/003C/10-12,77.4306,14.7994,54.03,17.02,8.73,1.54,3.46,2.51,0.13,1.4,1.46,0.23,576.5,24.4,16.3,150.5,25.8,24.9,58.6,25.8,76.3,190.5,72.9,785,40.7,116.8,45.9,102,199.1,394.77,39.86,146.59,24.25,4.46,3.38,22.12,17.07,3.62,9.39,1.51,9.37,1.35,28.2,2.95,4.43,854.72
2216,57F5/005C/10-12,77.3647,14.8511,52.26,18.28,9.94,0.85,5.93,3.69,0.14,1.31,0.93,0.07,184.3,19.8,28.6,206.3,8,10.5,138.6,45.5,44.4,118.5,21.7,111.2,11.3,258.9,92,75.5,22.99,45.31,5.07,20.66,4.43,1.44,0.78,4.65,4.18,0.93,2.49,0.39,2.53,0.37,4.32,0.51,0.72,111.57
2217,57F5/006C/10-12,77.4306,14.8639,59.07,14.86,7.32,0.62,5.98,3.02,0.11,2.06,1.31,0.1,342.6,18.9,22.9,142,7,14,76.4,27.5,42.5,343.6,20.9,243.3,9.6,145.8,52.5,60.4,14.88,31.26,3.53,15.11,3.47,1.45,0.62,3.65,3.39,0.77,2.12,0.33,2.24,0.34,7.05,0.47,0.84,79.51
2220,57F5/009C/10-12,77.4294,14.9756,52.11,22.46,7.77,0.82,1.97,1.14,0.07,1.12,1.63,0.09,475.3,29.3,11.7,114.4,14.3,19.6,43,16.3,74,250.4,23.1,799.6,14.9,91,42.2,67.1,38.13,71.15,7.39,28.41,5.12,1.73,0.67,4.67,3.31,0.7,1.85,0.3,1.92,0.3,21.17,0.58,1.67,160.98
2219,57F5/008C/10-12,77.3472,14.9833,66.78,16.41,3.81,0.81,0.96,0.83,0.05,2.41,2.82,0.11,785.4,15.7,9.3,63.9,24.7,7.7,19.5,12.1,84.9,161.8,28.8,1064.4,23.4,96.9,13.2,36.9,51.46,109.53,9.95,37.55,6.61,1.91,1.01,6.2,5.57,1.27,3.69,0.63,4.33,0.68,32.95,1.82,3.47,234.19
2155,57B4/7/C/11,76.0548,14.1861,47.17,22.16,7.44,0.63,0.07,0.25,0.07,13.9,0.4,0.03,152,22,15,166,10,28,67,31,13,89,29,223,10,156,46,67,122,366,28.8,106,18,4.4,16,2.6,14.1,3.2,9.3,1.6,11,2,38,2.76,3.6,702.4
2153,57B4/5/C/11,76.0936,14.1374,59.01,19.73,5.5,0.64,0.13,0.87,0.04,0.82,4.11,0.04,802,16,5,69,20,16,25,6,127,59,111,1551,58,22,18,14,126,334,29.1,109,19,4.5,19,3.3,20.9,5.1,15,2.7,18,3,50,3.81,5.4,705.3
2156,57B4/8/C/11,76.0963,14.2406,55.61,21.36,6.64,0.82,0.41,0.72,0.07,0.74,2.71,0.08,567,18,8,94,10,28,56,16,123,98,81,1527,25,55,14,43,62.7,255,15,59,10,3.1,9.3,1.5,8.03,1.8,4.9,0.9,5.8,1,22,0.8,2.1,436.53
2149,57B4/1/C/11,76.061,14.035,63.3,11.43,12.71,0.86,0.85,2.15,0.54,0.29,0.21,0.04,94,8,20,144,2,13,56,30,10,41,22,96,6,56,65,47,19,41.4,4.1,16.4,3.3,1.2,3.7,0.6,3.65,0.8,2.2,0.4,2.3,0,4.9,0.27,1.8,98.45
2151,57B4/3/C/11,76.2219,14.0576,45.52,16.32,3.21,0.08,13.16,0.79,0.04,0.67,2.44,0.02,295,18,17,48,2,26,38,5,125,147,19,155,7,44,10,28,17.8,28.3,3.07,11.3,2.1,0.6,2,0.3,1.97,0.4,1.3,0.2,1.6,0,5.2,0.47,2.5,70.64
2150,57B4/2/C/11,76.1468,14.0599,52.47,22.97,7.12,0.39,0.43,1.03,0.03,0.37,1.88,0.04,268,19,9,128,8,21,70,6,124,95,22,366,12,97,22,25,29.9,52.4,6.31,23.8,4.2,1.4,3.7,0.6,2.95,0.6,1.8,0.3,2,0,10,0.9,1.6,129.36
2152,57B4/4/C/11,76.0292,14.1225,55.26,19.26,7.51,0.67,1.34,2.25,0.08,1.14,0.88,0.03,229,16,8,109,2,14,109,16,43,169,19,432,6,129,34,38,26.2,51.2,5.35,21.4,3.9,1.6,3.7,0.6,2.81,0.6,1.6,0.3,1.8,0,13,0.1,1.1,120.46
2760,57A15/A3/C/14,76.819,15.3263,69.7,15.24,1.88,0.31,1.58,0.62,0.03,2.44,4.57,0.06,437.3,10.9,4.9,16.4,14.3,3.4,1,4.2,91,100.1,2.5,308.4,13.3,51.1,4.1,5,66.4,131.12,12.38,42.32,5.88,1.07,0.7,4.9,3.63,0.72,2.17,0.32,2.38,0.32,11.89,1.44,5.5,269.41
2770,57A16/B1/C/14,76.8752,15.1874,59.58,16.87,5.47,1.3,1.89,1.85,0.11,2.35,3.6,0.35,809,19,7.3,57.6,24.7,21,10.6,11.5,92.2,226.4,2.5,720,34.4,61.6,17.1,57.4,250.37,370.37,40.34,129.51,17.9,3.52,1.47,11.18,7.01,1.08,3.26,0.46,3.12,0.49,20.38,2.49,9.81,828.9
2773,57A16/C1/C/14,76.9706,15.2055,56.93,16.53,7.18,1.05,3.02,1.94,0.14,1.85,3.3,0.35,467,16.2,11.1,86.5,24.9,23.5,11.9,17.8,104.9,119.5,2.5,590.3,48.9,77.5,11.6,63.9,133.2,207.39,22.35,79.35,15.78,2.29,2.36,14.78,13.66,2.64,8.77,1.36,10.13,1.59,25.81,10.03,14.03,500.87
2774,57A16/C2/C/14,76.9935,15.1551,30.07,7.93,4.83,0.41,24.12,4.19,0.04,0.37,0.24,0.04,118.2,6.6,19.6,89.1,2,7.2,49.2,13.3,2.5,69.2,48.1,45.9,7.7,124,46.5,5,15.14,25.24,3.29,12.93,2.72,0.68,0.46,2.77,2.74,0.53,1.73,0.28,1.82,0.28,4.85,0.3,1.24,67.84
3246,57B11/C1/C/2012,76.7083,14.4583,52.6,19.87,6.6,0.74,2.42,1.1,0.07,1.36,1.77,0.07,371,23,38.47,141,9,12,61,13,70,220,19,373,9,121,52,52,20.56,38.47,4.44,15.16,2.92,0.56,0.1,3.01,2.4,0.25,1.38,0.25,1.53,0.25,11.67,0.72,1.13,88.27
3243,57B11/B1/C/2012,76.625,14.4583,53.45,21.07,8.03,0.95,1.31,0.86,0.08,0.87,2.22,0.08,568,25,44.22,189,11,14,50,13,95,105,25,256,13,128,37,52,24.32,44.22,5.34,18.09,3.48,0.76,0.62,4.3,3.67,0.68,2.04,0.25,2.06,0.25,7.03,1.16,1.02,105.78
3248,57B11/C3/C/2012,76.7083,14.2917,56.68,18.46,5.73,0.52,1.51,1.11,0.1,1.93,1.97,0.04,289,21,41.35,123,33,1,57,13,79,121,25,177,12,137,63,31,12.27,41.35,2.79,9.13,1.99,0.5,0.58,3.4,3.84,0.73,2.18,0.25,2.29,0.25,6.14,2.94,3.76,78.15
3247,57B11/C2/C/2012,76.7083,14.375,49,16.75,10.14,0.94,3.83,4.24,0.13,0.54,1.18,0.06,494,25,43.52,162,9,13,149,35,40,345,19,221,17,514,170,74,24.43,43.52,5.25,17.94,3.57,0.73,0.54,3.85,3.17,0.62,1.83,0.25,1.89,0.25,6.49,0.99,5.32,103.99
3244,57B11/B2/C/2012,76.625,14.375,49.4,22.05,9.07,0.93,1.84,1.03,0.12,1.2,2.04,0.07,375,29,62.43,209,15,12,46,24,116,108,27,315,19,146,59,67,30.56,62.43,6.69,21.55,4.65,1,0.73,5.3,3.85,0.72,2.03,0.25,2.1,0.25,9.2,1.31,1.02,136.81
3242,57B11/A3/C/2012,76.5417,14.2917,37.21,13.89,8.17,0.73,15.88,4.96,0.13,0.95,0.6,0.07,182,13,12.69,187,4,34,96,34,19,122,17,66,4,375,63,64,6.93,12.69,1.81,6.24,1.3,0.1,0.1,2.27,2.37,0.25,1.42,0.25,1.45,0.25,1.06,0.23,0.25,35.16
3241,57B11/A2/C/2012,76.5417,14.375,46.04,14.72,7.02,0.83,11.79,1.8,0.08,1.69,1.28,0.06,353,20,32.33,146,5,26,30,15,43,195,24,165,8,75,68,62,18.08,32.33,4.09,15.06,2.81,0.64,0.56,3.68,3.23,0.63,1.84,0.25,1.93,0.25,4.49,0.56,0.25,81.7
3240,57B11/A1/C/2012,76.5417,14.4583,50.2,18.89,7.89,0.5,2.21,3.24,0.12,1.22,1.97,0.05,448,26,32.22,119,7,11,88,21,78,149,21,190,13,252,40,55,16.75,32.22,3.88,12.9,2.7,0.65,0.61,3.82,4.01,0.85,2.73,0.25,3.23,0.56,9.27,2.1,2.49,81.34
3245,57B11/B3/C/2012,76.625,14.2917,43.67,14.52,4.25,1.35,14.85,1.49,0.05,1.35,0.59,0.06,287.7,15.1,67.25,63,12.2,13.5,27.2,11.1,52.7,173.5,24.6,192.9,7.9,38,33.9,36.1,43.12,67.25,8.8,30.34,5.27,1.16,0.64,4.26,3.47,0.62,1.74,0.27,1.65,0.26,7.21,0.81,1.13,164.59
2201,57F3/C8/SS/13,77.144,14.474,48.58,15.99,5.13,0.54,7.64,1.35,0.07,1.02,2.1,0.17,518.7,11.7,14.6,72.1,23.6,13.2,49.1,15.5,76.9,150.5,21.2,368.3,7.9,74.1,33.8,37.4,73.73,145.13,13.19,43.57,6.5,1.2,0.66,4.61,3.75,0.66,1.91,0.29,2.02,0.32,15.43,0.53,3.05,292.93
2200,57F3/C7/SS/13,77.022,14.474,51.41,16.6,5.16,0.66,8.21,1.25,0.06,1.4,2.78,0.08,751.9,18.1,15.8,66.7,18.5,14,28,6.9,84.6,373.5,36.1,1259.6,17.8,51.8,21.6,27.6,120.53,185.15,27.5,90.18,15.87,2.47,1.93,12.62,11.49,2.08,6.13,0.92,5.94,0.92,47.39,1.66,5.59,471.11
2897,57A/7/B3/C/13,76.375,15.2917,58.14,18.82,5.14,0.52,2.48,1.05,0.05,1.92,2.88,0.04,458.6,15.1,9.5,52.8,32.9,12.1,22.1,9.8,149,86,27.8,219.2,17.7,37.1,33.2,25.7,29.73,62.58,6.59,22.5,4.72,0.84,0.69,4.05,3.96,0.73,2.36,0.36,2.33,0.35,6.66,3.26,9.08,137.74
2887,57A12/B3/C7,76.625,15.0417,0,16.95,14.34,0.94,1.52,5,0.18,1.55,0.48,0.05,127,12.8,24.5,271.6,2,7,127,53.3,35.1,59,21.7,60.9,2.5,203,132,65,6.47,13.75,2.21,10.29,2.95,1.16,0.7,3.82,4.68,0.93,2.87,0.48,2.89,0.47,2.77,0.24,0.25,49.85
2886,57A12/A3/C6,76.5417,15.0417,0,17.66,17.25,1.34,2.11,3.29,0.24,0.22,0.05,0.07,107,15.6,32.5,309,2,8.2,129,48.9,30.1,53.6,25.1,75.6,2.5,279,50.3,63.7,15.38,32.05,4.32,17.9,4.33,1.46,0.88,4.94,5.84,1.19,3.69,0.59,3.84,0.63,4.08,0.35,2.57,92.1
2392,57E10/02/C/07,77.62,15.5661,64.85,17.85,3.85,0.43,0.77,0.71,0.03,2.29,4.23,0.05,334.4,25.1,4.1,36,60.6,41.7,13.5,9.6,155.4,132.5,42.4,385,12.5,22.1,4,65,50.27,160.82,10.51,37.88,7.68,0.91,1.53,8.04,9.74,2.23,6.64,1.09,6.97,0.96,13.38,0.97,21.25,297.23
2398,57E10/08/C/07,77.6203,15.7339,58.12,16.61,6.35,0.84,3.25,3.09,0.1,1.02,2.44,0.24,856.2,23.9,11.5,106.4,13.3,16.4,48.4,19.6,101,589.5,21.1,610,12.3,87,21,74.7,80.25,136.01,16.6,64.34,10.87,3.43,1.15,8.85,5.55,1.08,2.85,0.46,3,0.46,21.82,1.2,3.97,326.05
2395,57E10/05/C/07,77.6333,15.6353,60.23,19.12,3.71,0.53,1.92,0.87,0.04,1.41,3.47,0.06,396.1,26.3,8.3,58.4,47,24.1,30.8,8.4,189.1,112.9,31.3,410,24.5,33.6,14.9,25.8,70.66,134.53,15.04,55.03,10.24,1.41,1.2,8.71,5.88,1.17,3.08,0.5,3.31,0.47,15.17,1.47,4.04,302.52
2399,57E10/09/C/07,77.7158,15.7075,63.75,17.45,3.82,0.53,1.47,0.83,0.04,1.25,4.34,0.07,1042.4,19.1,5.4,78.9,28.6,17.3,28.2,10,128.5,482.2,20.1,905,9.6,55.1,14.4,30,24.9,50.6,5.18,20.42,4.03,1.34,0.53,3.61,2.95,0.67,2.01,0.35,2.57,0.41,31.26,0.65,1.35,115.96
2396,57E10/06/C/07,77.7183,15.5889,61.45,17.15,4.12,0.58,1.78,1.37,0.04,1.5,4.17,0.08,442.5,27.3,9.8,62.5,54.5,34.2,26.4,9.8,268.3,180.3,34.3,338,27.4,41.1,21.4,61.5,73.69,166.37,16.94,62.87,11.94,1.18,1.34,9.8,6.14,1.14,2.95,0.44,2.65,0.37,11.62,2.4,5.71,348.02
2391,57E10/01/C/07,77.5681,15.5433,68.87,14.2,3.18,0.51,1.32,0.65,0.04,0.88,3.96,0.07,412.1,16.9,5.9,56.1,29.9,28.4,27.1,7.8,193.1,128.1,52.1,907,20.2,43.6,19.2,27.7,48.99,97.34,10.8,40.58,8.47,1.16,1.86,9.78,11.84,2.82,8.79,1.66,12.01,1.8,27.7,1.21,5.68,248.12
2394,57E10/04/C/07,77.5672,15.6144,53.25,18.23,7.8,1.32,2.73,2.17,0.09,0.44,2.81,0.26,589.4,24.8,13.6,137.6,17.1,21.2,57.8,22.3,182.2,155.5,43.1,1045,33.9,81.5,29.5,74.3,179.58,333.42,36.73,136.71,22.74,4.02,2.92,20.34,14.52,2.87,7.58,1.14,7.15,0.99,35.01,2.48,4.83,750.37
2397,57E10/07/C/07,77.5833,15.7206,54.45,17.25,9.3,0.77,3.41,2.06,0.14,1.27,2.35,0.09,581.5,22.2,23.5,175.2,7.1,15.4,34.8,36.5,114.9,290.4,19.4,306,9.2,51.4,21.8,53.8,30.26,57.58,6.1,24,4.87,1.62,0.78,5,4.42,0.97,2.72,0.43,2.91,0.42,11.62,0.87,0.4,137.08
2412,57E12/08/C/04,77.6106,15.2219,54.19,18.76,7.87,0.77,2.37,2.1,0.08,1.03,0.99,0.05,355.5,20.4,16.2,109.4,10.8,19.5,67,2.9,43.5,170.8,9.8,327.5,11.5,86.1,33.7,50.5,32.92,55.39,6.29,23.94,4.24,1.54,0.59,3.96,3.06,0.63,1.7,0.28,1.87,0.28,13.13,1.11,1,132.73
2333,57E3/CVI/07,77.2167,15.3522,60.69,14.33,6.14,0.57,3.41,1.44,0.1,1.69,2.11,0.56,770.7,20.1,5.1,73.2,10.1,15.4,7.5,13.5,79.1,737.63,31.1,288.39,18,26,26.9,113.9,167.28,316.01,42.85,171.7,26.12,7.2,2.27,19.29,9.66,1.67,3.99,0.56,3.2,0.42,6.44,0.73,1.92,752.93
2334,57E3/CVII/07,77.0553,15.4833,61.61,16.22,6,0.36,2.15,1.32,0.06,1.38,2.83,0.05,756,32.4,4.8,44.3,34.4,32.9,3.6,11.6,159.7,313.14,32.5,775.88,32.6,13.4,8.7,133.2,229.91,458.32,40.59,138.57,18.2,3.88,1.69,13.06,7.79,1.55,4.14,0.69,4.7,0.71,23.33,2.53,8.54,910.74
2331,57E3/CIV/07,77.0714,15.3594,59.77,7,1.29,0.2,15.18,1.47,0.02,0.89,2,0.04,447,10.9,6.8,26.5,16,10.5,3.2,10.4,93.9,304.64,16.2,350.34,8.1,34,10.7,19.4,23.74,39.34,4.28,16.02,2.69,0.83,0.33,2.34,1.71,0.37,1.01,0.17,1.13,0.18,9.63,0.52,1.89,91.8
2328,57E3/CI/07,77.0775,15.3178,57.07,19.6,6.97,0.28,2.22,1.25,0.04,0.58,0.48,0.03,100,23.5,5.4,59.9,3.4,9,36.2,11.2,36.9,398.48,13.5,485.04,7.6,35.1,14,71.1,14.67,33.91,3.32,13.63,2.65,1.44,0.36,2.56,1.81,0.39,1.06,0.17,1.18,0.18,13.59,0.29,0.75,74.77
2332,57E3/CV/07,77.0986,15.3439,58.95,16.71,6.41,0.59,3.38,1.38,0.06,1.16,1.59,0.06,460.7,20.5,8.9,66.3,8.3,12.4,13.8,13.1,70.6,494.02,18.5,501.96,18.8,66.5,27.3,51.6,49.12,111.19,10.57,40.09,6.35,2.3,0.7,5.14,3.3,0.69,1.77,0.29,1.87,0.27,10.68,0.79,1.45,228.51
2335,57E3/CVIII/07,77.1314,15.4767,63.32,15.58,5.56,0.59,2.04,2.33,0.04,2.36,1.39,0.02,212.9,28.4,6.1,53.9,38.9,29,2.3,15.2,96.4,340.17,20,966.13,37.4,41.1,45.6,98,72.61,170.6,14.67,53.32,8.56,2.19,0.82,6.39,3.77,0.75,2.06,0.36,2.59,0.4,26.92,3.01,7.76,332.7
2329,57E3/CII/07,77.1528,15.3233,58.53,10.59,5.56,0.42,8.42,3.03,0.1,1.61,1.44,0.29,448,20.3,6.6,91.1,25.6,23.4,36.8,7.6,71,480.42,23.7,352.69,39.9,25,90,78.9,97.83,285.79,23.16,89.13,14.57,4.86,1.48,11.92,6.4,1.17,2.92,0.43,2.64,0.38,9.87,2.13,3.32,530.76
2336,57E3/CIX/07,77.1725,15.4808,67.57,16.92,4.26,0.26,0.92,0.77,0.02,0.42,1.08,0.03,173,20.7,7.1,63.9,7.6,7.8,14.9,12.4,85.1,188.62,17.1,240.73,9.4,68.1,17.7,31.3,18.53,42.44,3.83,15.3,2.71,0.93,0.35,2.47,1.85,0.39,1.09,0.18,1.23,0.19,8.64,0.53,1.17,89.02
2330,57E3/CIII/07,77.185,15.3075,59.33,15.7,5.77,1.11,2.88,3.33,0.11,1.42,2.72,0.17,1069.7,21.6,5.1,57.4,28.7,27,27.2,17.7,112.1,307.36,30.8,735.93,25.8,47.8,42.1,96.6,163.19,364.3,35.83,136.31,21.88,4.55,2.12,16.69,9.28,1.73,4.19,0.62,3.86,0.53,23.95,1.99,3.48,748.39
2141,57B02/55B/C/13,76.2327,14.559,47.77,17.87,13.61,1.28,3.13,2.47,0.14,1.18,0.83,0.05,477.5,17.6,25.2,246.1,7.2,17.5,68.2,28.4,46.4,93.5,30,226.7,9.4,129.9,110.1,57.4,63.5,155.78,13.62,48.7,8.86,2.01,1.37,8.9,8.57,1.58,5.04,0.74,4.93,0.76,8.88,1.05,1.66,315.46
2185,57F02/1/C/12-13,77.024,14.5353,60.39,17.86,5.98,0.58,1.35,1.31,0.08,1.52,3.04,0.09,692.8,15.3,9.8,69,24.48,16.3,70.16,14.1,147,214.7,30.03,502.1,13.56,97,37.45,37.6,47.52,126.85,10.14,36.04,6.26,1.05,0.77,5.15,4.49,0.86,2.3,0.35,2.17,0.33,12.73,0.66,1.67,239.13
2186,57F02/2/C/12-13,77.1411,14.55,48.55,16.04,5.15,0.67,9.82,1.39,0.07,1.5,2.14,0.14,551.8,15,15.7,78.2,20.3,22.3,21.9,11.1,76.7,218,28.1,447.7,11.5,38,26.3,39.5,157.44,288.03,27.22,88.79,12.55,2.66,1.36,9.51,8.04,1.52,4.31,0.67,4.27,0.66,20.51,0.82,4.3,597.52
2189,57F02/5/C/12-13,77.172,14.61,59.98,18.23,5.73,0.61,1.41,1.24,0.07,1.9,3.3,0.09,604.6,16,10.7,81.1,16.6,19.3,38.3,8.3,128.9,211.8,55.6,912.5,13.9,68.5,26,42.7,76.61,147.47,16.53,56.05,11.18,1.81,1.8,10.48,11.15,2.3,6.6,1.08,6.48,1.06,33.92,1,4.84,340.12
2192,57F02/8/C/12-13,77.1111,14.7336,28.49,5.47,1.24,0.31,28.52,4.89,0.03,1.03,0.94,0.07,460.5,8.2,31.1,37.5,6.3,7.4,22.2,4.3,25.3,584.3,43.7,63.5,5.8,24.8,19,10.5,23.78,47.92,4.88,17.13,3.45,0.64,0.54,3.36,3.3,0.65,1.86,0.3,1.86,0.32,6.07,0.41,2.1,106.63
2188,57F02/4/C12-13,77.0008,14.65,67.36,14.74,3.01,0.48,2.06,1.1,0.05,2.7,3.68,0.06,829.1,14.6,8,43,21.1,17.7,21.5,7,129.5,311.9,17.2,611.1,9.5,52.4,16.9,28.1,30.68,59.4,6.44,23.32,4.88,1.13,0.62,3.92,3.27,0.66,1.97,0.32,1.99,0.34,23.66,0.95,2.79,135.02
2191,57F02/7/C/12-13,77.0008,14.7192,50.23,14.45,3.63,0.54,13.4,1.45,0.06,1.11,2.37,0.07,684.1,11.6,20.4,58.5,28.8,12.1,40.8,10.8,72.5,176.1,24.9,338.4,7,49.5,24.1,22,149.99,247.83,21.6,65.78,9.71,1.33,0.96,6.9,4.61,0.79,2.21,0.35,2.01,0.35,13.89,0.64,3.5,507.52
3163,57B06/A3/C/12,76.2917,14.5417,61.22,15.5,5.24,0.31,2.45,1.55,0.05,2.42,3.14,0.04,374,26,11,45,40,1,10,2,141,57,60,423,48,13,5,36,1.79,9.25,9.39,1.39,1.85,8.79,5.94,1.03,6.7,1.04,4.5,14.65,3.86,0.93,1.52,1.11,3.22,70.08
3162,57B06/A2/C/12,76.2917,14.625,60.65,16.24,8.33,0.89,0.66,3.13,0.22,2,1.74,0.18,464,16,23,183,10,6,96,26,61,55,28,210,18,154,40,81,1.11,4.93,5.82,0.87,1,5.15,2.95,0.25,3.11,0.25,1.62,4.9,1.01,0.25,0.25,1.58,0.74,32.97
3161,57B06/A1/C/12,76.2917,14.7083,62.72,18.45,2.74,0.22,1.32,0.5,0.09,2.5,4.54,0.03,727,25,10,34,17,54,14,3,221,124,30,164,29,25,8,45,0.25,1.38,2.17,0.25,0.68,2.84,2.39,0.51,3.53,0.58,1.88,3.98,3.48,0.25,0.25,0.54,2.73,23.66
3166,57B06/B3/C/12,76.375,14.5417,37.21,1.13,32.3,0.05,12.06,0.87,0.09,0.09,0.02,0.15,239,2,4,8,15,26,13,0.5,1.5,31,5,22,2.5,7.5,6,19,0.25,0.25,0.25,0.25,0.25,0.25,0.25,0.25,0.25,0.25,3.33,0.25,0.1,0.25,0.25,5.5,0.25,6.18
3165,57B06/B2/C/12,76.375,14.625,42.2,11.25,5.93,0.62,17.4,2.59,0.06,1.43,0.81,0.08,264,20,1.5,98,35,41,38,15,24,237,111,465,9,74,18,70,4.16,19.71,22.07,3.18,3.32,17.84,8.91,1.28,7.06,1.01,3.28,13.82,0.74,0.51,0.25,1.31,2.32,105.61
3164,57B06/B1/C/12,76.375,14.7083,39.34,14.68,6.64,0.68,18.69,1.8,0.08,0.58,0.98,0.04,434,18,1.5,140,16,38,67,22,58,144,31,182,6,199,29,52,0.81,3.68,4.34,0.66,0.76,3.8,2.21,0.25,2.32,0.25,2.35,4.87,0.39,0.25,0.25,1.41,0.69,26.69
3169,57B06/C3/C/12,76.4583,14.5417,61.46,18.32,3.57,0.27,0.93,0.77,0.05,3.5,3.32,0.04,378,23,14,56,23,8,32,8,120,70,26,218,16,55,22,22,0.25,1.76,2.75,0.25,0.68,3.24,2.06,0.25,2.33,0.25,0.5,5.68,1.53,0.25,0.25,0.69,2.38,21.53
3168,57B06/C2/C/12,76.4583,14.625,56.45,17.99,5.15,0.43,2.66,0.96,0.09,1.79,3.11,0.05,817,27,14,81,14,18,74,13,107,161,31,293,16,159,27,52,0.86,3.81,4.82,0.75,0.94,4.75,2.83,0.25,3.11,0.25,1.28,9.01,2.08,0.25,0.25,0.95,1.12,34.74
3167,57B06/C1/C/12,76.4583,14.7083,29.22,9.57,3.42,0.57,29.21,2.33,0.04,1.67,1.59,0.09,640,19,1.5,62,18,61,51,8,66,318,33,199,2.5,69,14,56,1.39,7.51,6.04,0.77,0.74,3.96,2.02,0.25,1.94,0.25,0.5,5.51,0.38,0.25,0.25,0.8,0.25,31.26
1208,57C9/C3/C/15,76.7388,13.7781,58.67,13.94,6.45,1,4.16,2.68,0.16,2.21,1.24,0.04,1,0.96,274.5,8.3,25,139.1,9.2,18,80.3,24.3,62.3,136.4,21.4,191.4,15.6,133.2,13.49,27.73,2.88,12.14,2.59,0.75,0.71,2.45,3.25,0.64,1.94,0.31,2.01,0.31,51.7,55.9,5.39,68.75
1205,57C9/C2/C/15,76.7299,13.8431,54.62,16.84,9.01,1.14,2.19,3.96,0.13,0.56,1.57,0.07,1.23,1.06,306.5,25.9,20.4,168.8,6.7,23.6,102.1,29.9,53.6,82.6,22.9,199.1,20.3,137.5,23.97,50.66,5.33,21.95,4.35,1.16,1.09,4.02,4.86,0.95,2.93,0.44,2.84,0.42,64.6,96.5,5.6,120.95
2393,57E10/03/C/07,77.7472,15.5047,54.45,19.77,5.11,0.57,2.95,1.38,0.04,0.74,3.78,0.11,396.8,27.7,10.9,104.1,22.9,24.3,51.3,13.2,217.1,162.6,30.4,260,16,67.2,27.8,31,34.99,77.68,7.63,28.53,5.51,1.11,0.87,5.29,4.84,1.07,3.16,0.55,3.95,0.56,8.59,1.13,3.64,170.45
2327,57E2/IX/C/05,77.2236,15.6883,57.22,13.83,8.29,1.41,3.86,3.47,0.14,2.24,1.91,0.77,211.2,28.5,15.1,119.7,20.8,39.9,22.9,24.1,210.4,233.1,39.3,324.78,42.8,26.8,56.3,107.5,57.34,130.51,19.49,83.93,18.02,3.82,2.24,15.35,11.26,2.2,5.74,0.89,5.68,0.78,8.08,4.38,6,341.9
2325,57E2/IV/C/05,77.0647,15.6356,27.01,6.99,2.7,0.39,30.22,1.57,0.08,0.22,0.3,0.04,230.6,6.5,52.5,47.9,9,14.9,24.3,12,25.5,134.5,16.4,104.7,3.5,42.8,14.1,18.6,39.64,37.07,7.77,31.78,6.08,1.97,0.89,6.25,4.66,1,2.52,0.36,2.13,0.31,3.61,0.1,5,136.18
2187,57F02/3/C/12-13,77.22,14.5844,57.77,19.29,6.23,0.86,1.41,0.97,0.07,0.82,2.98,0.07,779.9,17,12.2,101,28.5,14.9,42.4,14.1,113.7,292,36.5,1536.1,19.7,64.9,32.4,34.1,49.36,88.93,10.05,35.29,6.55,1.32,1.04,6.31,6.64,1.38,3.98,0.67,4.5,0.74,29.52,0.78,4.12,210.45
2190,57F02/6/C/12-13,77.2339,14.66,60.72,18.73,5.32,0.42,1.31,0.89,0.07,2.69,3.19,0.06,456.2,15,7.4,65.1,47.7,53.3,37.7,11.6,100.3,143.4,44.8,359.7,19.5,61.6,91.6,45.4,56.12,210.67,13.39,47.02,10.3,1.48,1.61,9.65,9.99,1.97,5.95,0.98,6.07,0.96,13.7,1.96,9.59,366.51
2193,57F02/9/C/12-13,77.2125,14.7452,48.3,11.1,4.93,0.73,14.27,2.84,0.1,1.1,0.93,0.1,524.3,10.9,22.8,92.2,6.5,11.3,89.7,20.3,31.2,219.4,24.2,189.4,6.7,119.2,44.5,31.7,32.71,60.35,7.22,27.06,5.56,1.39,0.86,5.42,5.27,1.05,2.91,0.5,2.86,0.46,7.4,0.6,1.75,148.2
1892,57A/8/A2/C/13,76.2915,15.125,16.7,4.44,1.06,0.01,0.92,41.31,0.46,0.65,0.19,0.04,71,5.1,39.2,20,5.4,6.2,1,0.5,5.6,264.3,44.4,2.5,2.5,16.7,16.2,5,27.51,30.37,5.33,19.39,3.18,0.48,0.32,2.5,1.52,0.26,0.71,0.12,0.63,0.1,3.82,0.29,5.4,89.92
1899,57A/8/C3/C/13,76.465,15.041667,61.53,18.18,4.14,0.04,1.13,1.61,2.24,2.58,0.45,0.04,402.1,14.6,9.2,42.3,8.6,17,20.5,7.1,89.4,173.2,24.2,181.9,2.5,54,19.1,31.9,26.08,30.18,5.82,21.09,4.18,0.82,0.66,4.07,3.94,0.78,2.32,0.36,2.44,0.36,6.51,0.89,3.12,99.03
1896,57A/8/B3/C/13,76.375,15.041667,48.04,21.96,9.99,0.11,1.34,1.35,0.85,1.33,0.92,0.07,387.2,20,16.1,129.6,12.6,16.6,39,27.6,73.5,93.9,33.2,270.2,7.1,67.2,38.1,63.5,47.84,85.6,10.35,37.55,6.39,1.61,0.93,6.5,5.62,1.01,2.96,0.51,3.43,0.57,9.47,1.24,4.1,204.37
1893,57A/8/A3/C/13,76.2915,15.041667,54.46,24.49,4.32,0.05,0.55,0.66,1.68,2.59,0.29,0.04,962.8,24.9,6.2,30.5,7,50.7,19,5.9,121.1,145.8,17.9,132.2,5.1,29.4,8.9,51.6,13.29,60.96,2.81,10.59,2.35,1.23,0.32,2.03,2.04,0.39,1.27,0.23,1.55,0.3,3.96,0.6,5.08,97.33
2266,57F11/A1/C/12,77.5417,14.4583,46.28,22.35,10.59,0.53,4.53,1.11,0.17,1.36,0.33,0.09,327,26,29,129,6,9,59,59,11,181,22,116,7,70,72,56,15.08,29.33,3.55,14.74,3.12,1.37,0.64,3.66,4.31,0.78,2.36,0.37,2.75,0.45,3.28,0.42,1.04,78.85
2268,57F11/A3/C/12,77.5417,14.2917,43.05,13.55,6.89,1.53,12.44,3.08,0.05,1.01,1.21,0.24,593.6,19.5,22.2,144.1,10.6,9.7,40.8,20.5,51.2,551.3,21.5,223.5,16,52.5,35.4,42.1,1.62,3.14,0.4,1.58,0.31,0.08,0.03,0.26,0.18,0.03,0.08,0.01,0.08,0.01,0.1,0.1,0.25,7.55
2267,57F11/A2/C/12,77.5417,14.375,59.91,15.01,3.95,0.65,2.47,1.07,0.06,1.97,3.16,0.12,923,20,13,95,35,7,23,6,111,476,22,1024,10,67,16,29,25.7,54.1,6.52,27.88,5.61,2.31,1.03,6.01,5.34,1.04,2.77,0.45,2.96,0.43,4.16,0.54,0.89,136.14
2339,57E/4/C3/SS/10,77.2114,15.0533,46.32,11.51,4.54,0.65,14.83,2.62,0.09,1.2,1.1,0.15,0.15,17,19,80,2,17,42,24,51,265,21,243,8,57,23,43,26.14,52.47,5.87,22.08,4.36,1.35,0.66,4.05,3.93,0.79,2.14,0.34,2.23,0.35,8.09,2.67,2.52,122.71
2373,57E8/001/C/06,77.2711,15.0353,60.33,17.69,4.98,0.62,1.81,1.4,0.05,2.16,2.6,0.08,483.6,25.2,11,73,22.3,17.4,28.4,10,96.3,115,39,557,26.7,33.9,24.6,56.5,67.8,147.98,13.04,47.23,7.94,1.87,1.22,7.43,6.8,1.52,4.35,0.71,4.93,0.74,15.91,1.38,3.73,306.13
2232,57F07/003/C/12,77.4597,14.2919,58.94,16.41,5.23,0.92,2.23,1.1,0.06,1.85,2.78,0.15,799.7,17.6,10.2,68.7,28.3,24.5,18.8,8.2,110.7,246,43.7,1131.7,31.5,59.4,17.1,51.1,109.29,191.37,22.71,77.22,12.23,2.52,1.45,9.86,8.49,1.54,4.71,0.75,4.95,0.83,30.72,2.35,10.26,438.06
2888,57A12/C1/C8,76.7083,15.2083,0,11.07,8.2,0.64,19.56,2.31,0.11,0.18,0.91,0.07,170.2,5.9,31,111.1,4.8,9,38,18,35,100,23,32,2.5,90,60,34,10.15,18.83,2.46,10.05,2.09,0.72,0.37,2.25,2.47,0.51,1.52,0.23,1.44,0.23,2.01,0.26,0.25,51.07
2885,57A12/A2/C5,76.5417,15.125,0,14.85,13.86,0.88,4.4,4.4,0.15,1.43,0.34,0.05,199,10.4,25.8,191.1,2,5.6,146,43.1,32,72.6,13.5,51.6,2.5,196,118,57.5,12.8,26.81,3.51,14.42,3.49,1.07,0.7,3.87,4.61,0.94,2.9,0.45,2.92,0.45,3.24,0.23,1.26,75.07
2882,57A12/B2/C2,76.625,15.125,0,13.86,11.96,0.69,3.24,5.74,0.16,0.79,0.62,0.06,86,9.2,25.5,199.3,2,7.5,111,40.9,38,69.8,24.6,39.2,2.5,128,133,60.1,2.06,7.59,0.82,3.91,1.32,0.57,0.36,1.96,2.55,0.55,1.67,0.27,1.74,0.27,1.89,0.2,0.82,23.68
7584,57B/14/C2/C/14-15,76.9272,14.6558,44.86,20.67,16.86,0.87,1.24,1.47,1.2,0.48,1.73,0.07,301.2,9.6,11.1,81.4,7.3,6.8,19.7,16.8,48.6,79.1,2.5,312.5,18.5,281.7,25.9,15.1,51.41,114.4,10.62,36.23,5.78,0.95,0.67,4.55,3.83,0.71,2.06,0.35,2.2,0.37,9.72,0.93,2.09,229.58
2134,57B1/C/B1/12,76.1037,14.9381,54.05,12.97,6.2,1.43,4.52,4.21,0.16,1.39,1.81,0.07,1017,17,24,327,7,17,116,39,77,287,14,240,18,339,140,132,47.74,112.39,12.13,43.85,7.78,2.54,0.94,6.02,5.01,0.88,2.42,0.38,2.43,0.36,11.01,2.69,1.59,238.85
2135,57B1/C/B2/12,76.1579,14.9053,45.56,12.9,8.11,1.32,10.59,3.43,0.17,1.45,1.32,0.29,801,22,6,150,10,26,40,24,38,577,37,510,16,60,18,99,50.76,121.85,12.77,45.89,8.4,2.83,1.02,6.58,5.45,0.97,2.92,0.41,2.7,0.44,12.43,3.04,1.53,256.41
2137,57B1/C/C1/12,76.1836,14.9446,55.38,17.67,6.91,0.91,2.64,2.25,0.12,2.1,2.23,0.18,208,24,15,112,44,1,60,20,117,259,57,531,18,125,39,65,298.19,537.44,50.53,165.27,24.84,3.92,2.89,19.24,15.52,2.81,8.01,1.19,7.07,1.07,24.73,1.06,2.02,1118.75
2138,57B1/C/C2/12,76.2059,14.8885,46.39,14.02,7,0.71,9.91,3.32,0.13,1.73,0.73,0.11,659,21,8,90,5,25,55,20,25,428,25,204,9,70,37,78,48.45,92.28,11.38,43.05,8.24,2.32,1.07,7.13,6.39,1.21,3.67,0.55,3.36,0.53,10.6,0.65,0.77,222.5
2131,57B1/C/A1/12,76.03,14.9652,47.21,16.55,14.99,1.03,2.9,2.65,0.29,0.56,0.9,0.04,913,18,23,199,7,17,150,62,57,169,9,126,6,221,88,73,15.2,59.21,3.73,14.53,3.15,0.95,0.57,3.11,3.6,0.71,2.2,0.35,2.36,0.4,6.09,0.77,1.58,106.96
1902,57A03/A3/C/14,76.0417,15.2917,70.88,10.15,3.96,0.14,1.7,3.67,0.46,0.56,0.6,0.06,470.6,4.8,11.6,76,8.6,17.2,40.3,22.3,45.6,140.3,22.6,748,5.3,64.1,22.4,22.9,22.13,68.26,5.7,21.44,4.57,1.21,4.47,0.71,4.45,0.9,2.73,0.48,3.03,0.5,26.07,0.85,1.8,139.87
1901,57A03/A2/C/14,76.0417,15.375,49.28,21.72,9.85,0.08,0.87,1.27,0.27,1.12,0.89,0.05,308.2,13.7,16.1,142,9.8,18.4,111.8,23.6,83.2,81.1,24.3,294.7,2.5,137.1,51.6,26.1,35.68,47.71,8.07,29.48,5.44,1.26,5.25,0.84,5.37,1.02,3.09,0.51,3.38,0.53,10.04,0.93,0.61,146.79
1900,57A03/A1/C/14,76.0417,15.4583,56.58,13.97,6.46,0.15,2.56,4.16,0.44,0.7,0.83,0.06,443.6,7,16.4,113.4,9.5,16.2,67.4,24.7,64.2,128.2,18.1,274.5,2.5,83.3,43.9,37.6,17.5,40.81,4.87,17.92,3.56,0.87,3.52,0.57,3.56,0.66,1.99,0.32,2.11,0.35,9.11,0.77,0.56,98.04
1905,57A03/B3/C/14,76.125,15.2917,55.65,14.53,6.93,0.13,2.56,3.5,0.62,0.75,0.89,0.05,769.2,8.5,15.8,126.4,7.8,19.5,73,28.5,65.3,160.9,21.9,424.9,2.5,92.3,42.4,35.7,18.74,54.84,5.49,20.99,3.99,0.98,3.41,0.52,3.19,0.57,1.77,0.28,1.89,0.3,10.94,0.53,0.59,116.44
1904,57A03/B2/C/14,76.125,15.375,55.77,18.05,6.09,0.07,1.31,3.71,1.01,1.66,0.73,0.09,567,11.8,12.5,95.7,10.3,20.3,41.8,14,68.2,245.9,28.9,622.7,2.5,65.6,32,33.5,41.41,60.64,8.97,32.39,5.5,1.35,4.5,0.65,3.92,0.7,2.16,0.34,2.24,0.36,14.88,0.56,0.58,164.48
1903,57A03/B1/C/14,76.125,15.4583,49.02,22.87,9.89,0.08,1.11,0.94,0.44,1.21,0.86,0.05,308.8,17.8,13.8,130,7.5,17.1,136.2,19.5,86.1,77.6,26.9,389.4,2.5,192.4,50,39.2,28.97,44.88,6.56,24.36,4.5,1.13,4.37,0.69,4.12,0.78,2.33,0.38,2.51,0.41,12.31,0.89,0.65,125.3
1908,57A03/C3/C/14,76.2083,15.2917,58.88,19.27,6.59,0.07,0.96,1.19,0.75,2.43,0.68,0.05,664.4,12.3,12.8,91.4,11.8,23.6,63.6,12.7,97.8,138.5,30.9,516.6,5.1,91.7,37.8,38.1,37.07,54.33,8.15,29.78,5.55,1.4,5.33,0.84,5.38,1.01,3.13,0.53,3.44,0.55,15.25,0.89,0.78,155.65
1907,57A03/C2/C/14,76.2083,15.375,48.92,23.64,9.23,0.07,0.7,0.56,0.2,1.81,1,0.05,311.6,19.4,11.3,129.8,24,26.4,77.9,17.5,132,77.7,29.2,263,11.9,89.7,32.5,38.2,66.2,78.73,14.69,51.66,8.5,1.84,6.83,0.96,5.5,0.97,2.81,0.44,2.85,0.45,9.74,1.89,1.27,241.47
1906,57A03/C1/C/14,76.2083,15.4583,48.15,24.96,8.69,0.05,0.75,0.47,0.27,1.81,0.77,0.06,404.8,21.1,9.2,101.8,29.2,21.9,68.1,17.6,118.7,75.8,35.4,536.7,6.5,73.9,27.8,37.2,74.99,152.35,14.64,47.36,6.84,1.29,5.36,0.77,4.1,0.72,2.11,0.32,2.08,0.33,14.32,0.81,0.96,312.49
2706,57A2/A3/C/15,76.0417,15.5417,51.23,21.44,8.32,1.04,1.15,1.7,0.07,0.49,2.37,0.1,588.1,11.3,7.8,77.8,24.5,1,29.2,16.7,62,127.5,3,755.3,23.8,92.9,22.8,19,42.59,104.9,9.64,34.63,6.12,1.37,0.84,5.18,5.05,1.07,2.82,0.45,3.28,0.43,14.9,0.85,2.46,213.19
2709,57A2/B3/C/15,76.125,15.5417,56.61,14.32,4.74,0.67,5.17,2.33,0.09,1.54,2.51,0.08,412.3,10.1,10.3,90.9,10.4,4.5,37.2,19.5,46.4,150.7,2.5,377.5,14.2,86.9,21.6,17.3,101.25,249.05,20.41,66.07,11.11,1.94,1.39,8.79,7.78,1.43,4.44,0.67,4.49,0.75,40.49,1.09,4.91,470.78
2856,57B16/A1/C/14,76.7733,14.1983,54.68,19.54,7.17,0.8,3.11,1.15,0.08,0.94,1.55,0.06,270.6,13.5,15.7,91.1,9.5,15.3,50,14.4,77.7,109.2,34.6,616.9,2.5,75.8,29.8,38.7,38.5,81.92,9.36,36.45,6.96,1.53,7.05,1.14,7.09,1.44,4.79,0.7,5.2,0.85,20.95,1.31,1.87,201.84
2862,57B16/C1/C/14,76.9194,14.2086,49.46,20.98,9.89,0.86,1.75,1.63,0.14,0.84,1.33,0.06,482.5,16.5,15.6,116.8,10,11.8,101.3,29,67.4,101.1,29.1,385.4,2.5,140.4,49.1,44.4,47.87,83.15,9.75,35.26,5.74,1.43,4.99,0.75,4.34,0.83,2.31,0.38,2.52,0.36,11.68,0.77,0.25,198.93
2859,57B16/B1/C/14,76.8381,14.2206,54.22,20.57,7.4,0.66,1.66,1.7,0.3,2.22,1.55,0.04,171.7,15.4,9.2,54,8.1,24.1,26.9,9.6,76,116.7,21.4,245,6.1,65.2,17.2,52.5,46.35,65.75,8.79,29.7,4.73,1.08,3.98,0.6,3.26,0.62,1.62,0.27,1.85,0.28,9.6,1.09,0.6,168.28
2864,57B16/C3/C/14,76.9206,14.0497,59.18,18.61,6.79,0.65,1.26,0.98,0.09,0.96,2.59,0.08,532.4,15.2,13.2,89.1,11.5,18.4,38,15.2,97,92.8,44.2,593.9,5.8,70,34.1,51.2,39.5,58.91,9.82,36.48,7.33,1.44,7.9,1.31,8.1,1.65,5.28,0.8,5.49,0.85,19.44,1.04,0.75,183.55
2858,57B16/A3/C/13,76.7606,14.0486,55.43,18.01,7.54,0.78,3.17,1.65,0.09,1.37,0.98,0.12,327.5,13.9,17.6,139.7,4.1,11.9,60.5,20.8,56.4,152.7,27.2,384.5,2.5,104.4,44.7,39.8,14.64,29.77,3.35,13.73,3.28,1.26,3.61,0.56,4.13,0.98,2.44,0.44,2.93,0.46,12.81,0.82,0.03,81.02
2861,57B16/B3/C/14,76.8825,14.0764,57.58,20.34,6.25,0.71,1.46,0.9,0.07,1.4,1.92,0.07,361.5,13.3,10.1,91.7,6.4,21.3,32.9,13.3,95.9,114.5,23.6,556.7,7,62,27.9,43.2,28.46,51.85,5.88,21.61,4.07,1.01,4,0.63,4.32,0.82,2.66,0.43,3.1,0.51,21.49,1.67,3.61,128.72
2863,57B16/C2/C/14,76.9425,14.0969,43.74,21.78,15.52,0.62,0.86,0.9,0.8,0.23,1.68,0.07,386,17,10.8,93.6,6.5,9.9,45.4,9,79.7,55.1,21.3,301.9,2.5,158.2,57.5,34.6,17.27,24.85,3.93,14.72,2.79,0.75,2.63,0.43,2.84,0.55,1.69,0.32,2.28,0.34,7.42,0.82,0.54,74.96
2860,57B16/B2/C/14,76.9086,14.0989,52.12,20.65,8.97,0.8,1.67,1.24,0.09,0.86,1.44,0.06,347.5,14.7,16.8,121.2,8.5,19.3,82.3,22.7,75.4,89.5,33.2,412.9,2.5,118.7,71.8,51.7,28.87,57.33,6.71,25.32,5.19,1.36,5.44,0.95,5.69,1.22,3.65,0.59,4.17,0.67,13.85,1.45,1.91,146.21
2857,57B16/A2/C/14,76.7944,14.1228,49.48,21.23,10.74,0.53,0.69,0.95,0.03,0.24,0.74,0.06,109.6,15,12.4,146.9,6.4,13.7,204.1,15.2,54.8,66.6,6.9,119.2,2.5,302.8,21,35.1,15.05,39.14,3.52,13.64,2.42,0.69,2.42,0.38,2.61,0.53,1.6,0.25,1.66,0.25,4.81,0.46,2.74,83.78
2181,57B12/2C/C/12,76.732,14.1481,53.59,17.98,5.68,0.66,5.68,1.25,0.06,1.08,1.58,0.06,400.1,18.4,15.5,76.9,7.5,21.2,34.3,10.6,68.8,188,21,279.5,7.5,57.4,32.7,44.1,48.43,74.51,9.08,30.47,5.11,1.38,0.68,4.39,3.85,0.68,1.95,0.33,2.17,0.33,9.15,1.36,2.22,178.97
2177,57B12/1B/C/13,76.6444,14.2155,56.83,18.86,6.41,0.73,1.57,1.5,0.07,1.45,1.93,0.06,442.7,18.7,10.6,90.4,6.8,14.4,38.2,12,68.5,142.2,21,264.3,6.8,180.4,34.7,45.2,46.33,83.7,8.89,30.36,5.04,1.49,0.7,4.5,3.99,0.73,1.97,0.33,1.95,0.33,9.04,1.45,2.19,185.81
2178,57B12/1C/C/13,76.706,14.2225,48.21,20.19,10.64,1,3.88,1.66,0.13,1.14,1.06,0.06,387.7,18,24.9,191.2,2,13.5,109.1,32.2,43.9,140,30.2,159.2,6,137.8,101,42.1,13.56,28.15,3.8,16.4,4.43,1.48,0.96,5.16,5.93,1.12,3.36,0.51,3.44,0.55,6.03,1.42,1.67,83.69
2184,57B12/3C/C/12,76.6969,14.036,55.97,19.28,6.92,0.71,1.98,1.54,0.08,1.24,1.55,0.04,371.6,17.9,12.7,97,4.9,18.3,85.8,16.7,64.5,148.1,29.5,252.3,7,128.1,50.8,43,36.52,55.44,7.27,25.81,4.65,1.32,0.65,4.43,4.39,0.79,2.55,0.38,2.46,0.39,8.17,1.07,1.48,142.62
2183,57B12/3B/C/12,76.643,14.0738,60.1,17.33,5.87,0.6,2.37,1.72,0.06,1.55,1.98,0.08,351.8,11.8,12.2,74.6,8.1,15.1,34.2,12.4,78.4,133.9,31.7,250.9,9.5,58.1,30.3,49,28.12,62.38,6.42,23.76,4.74,1.22,0.84,5.03,5.88,1.08,3.62,0.6,3.61,0.63,6.99,1.66,1.72,142.9
2180,57B12/2B/C/13,76.6639,14.1284,48.56,21.27,11.6,1.05,1.82,2.23,0.12,0.54,1.74,0.07,263.8,16.5,19.9,162.6,9.7,13.2,84,26.7,90.3,89.3,62.5,370.6,13.6,112.2,67.9,48.9,51.19,106.75,12.08,45.67,9.38,2.02,1.6,10.3,11.47,2.22,7.25,1.12,6.79,1.13,12.78,2.04,3.06,258.67
7585,57B/14/A3/C/14-15,76.7993,14.5046,59.29,18.91,6.08,0.66,1.96,2.12,0.09,1.37,2.88,0.07,370,11.7,9.3,84.5,10.8,8.2,94,20.4,56.6,159.7,2.5,590.9,19.2,185.7,19,10.5,61.45,146.95,14.01,50.68,9.57,1.39,1.36,8.62,8.35,1.6,4.99,0.77,5.18,0.91,24.17,1.13,4.61,307.21
7586,57B/14/B3/C/14-15,76.8457,14.5323,67.87,14.45,3.92,0.57,2.76,1.58,0.07,1.97,2.3,0.07,301.5,7.7,6.3,62.9,4.1,7.4,33.9,14.6,19.7,176.3,2.5,307.3,11.4,99.8,11.7,5,17.19,36.11,3.86,13.42,2.52,0.73,0.35,2.43,2.52,0.5,1.51,0.24,1.63,0.29,10.81,0.51,1.38,80.87
7583,57B/14/B2/C/14-15,76.8604,14.6296,52.88,18.93,5.78,0.77,4.55,1.76,0.06,0.54,2.09,0.07,334.2,10.2,11.4,65.8,11.5,6.3,27.2,13,46.4,132.9,2.5,389.6,14.3,84.3,18.4,12.2,46.92,97.36,10.23,35.69,5.74,1.19,0.68,4.5,3.78,0.64,1.89,0.28,2.09,0.31,13.35,1.09,2.28,206.8
7582,57B/14/A2/C/14-15,76.8084,14.6565,60.46,19.12,4.84,0.66,1.95,1.53,0.05,1.2,2.87,0.05,418,10.6,9.8,57.3,14.4,4.3,36.9,18.7,67.1,142.8,2.5,502.1,15,103.9,15.6,9.7,48.54,78.07,10.3,34.31,5.93,1.2,0.83,5.23,4.38,0.79,2.53,0.39,2.27,0.37,17.4,1.13,6.02,189.91
2139,57B1/C/C3/12,76.2141,14.7858,52.83,14.35,6.98,0.91,6.12,3.6,0.1,3.48,1.87,0.21,391,20,11,114,12,14,24,15,86,485,21,269,18,32,80,97,71.74,187.77,17.13,61.74,10.83,2.39,1.18,7.97,5.94,1.05,2.91,0.43,2.63,0.42,11.11,1.16,2.12,366.16
2167,57B08/A1/C/13,76.2917,14.2083,60.58,19.19,5.73,0.49,1.06,1.08,0.05,1.62,2.91,0.04,372.5,20.2,10.1,54.3,20.8,27,19.7,11,150.1,74.7,49.6,371.6,15.9,41,24.3,59.1,63.71,164.59,13.58,48.38,9.14,1.46,1.61,8.99,9.65,1.84,5.59,0.87,5.25,0.81,13.32,1.38,2.48,326.48
2140,57B02/45C/C/12,76.0408,14.5676,67.03,18.8,2.44,0.39,1.03,0.33,0.02,1.73,4.16,0.04,508.4,20.4,7.7,54.2,7.9,28.9,7.6,3.5,136,212.5,17.9,165,7.1,37.7,14.6,20.7,40.51,58.69,9.3,34.12,6.73,1.51,0.95,6.41,5.91,1.08,3.29,0.52,3.16,0.48,5.64,1.1,6.81,166.25
2142,57B02/63A/C/13,76.1182,14.5794,57.8,18.72,5.97,0.61,2.2,1.6,0.08,1.48,1.29,0.04,303.5,13.2,12.6,88.6,8,14.8,58.3,19.2,50.2,127.4,14.8,154.1,5.8,89.6,46.5,30.2,23.54,41.01,5.11,18.18,3.63,1.02,0.54,3.4,3.28,0.58,1.93,0.3,1.94,0.31,5.18,0.79,1.65,101.37
2144,57B02/99D/C/13,76.0103,14.6369,52.09,19.68,12.56,0.77,0.34,1.21,0.09,0.09,0.99,0.06,166.4,14.6,14.1,196.4,6.3,11.7,127.4,50.3,53.5,18.3,16.9,109.5,9.3,252.1,62.3,27.9,20.7,172.28,4.97,18.28,4.21,0.85,0.8,5.07,5.33,1.07,3.59,0.54,3.79,0.58,4.94,1.46,1.82,236.99
2147,57B02/142D/C/13,76.0368,14.6973,63.98,16.96,4.31,0.39,1.52,0.77,0.04,2.65,3.95,0.05,657.6,18.5,9.3,44.8,40.7,23.4,58.4,9.7,143.6,81.3,89.7,295.9,23.7,96.9,10.4,58.2,109.06,260.19,21.75,75.54,15.8,1.79,3.06,18.46,21.67,4.29,14.38,2.27,14.29,2.28,10.29,3.89,6.16,546.37
2199,57F3/C6/SS/13,77.225,14.406,54.51,21.07,7.19,0.79,1.27,1.33,0.06,0.98,1.89,0.06,290,20.2,10.4,91.2,26.5,24.3,59.6,17.2,96.7,146.9,36.4,467.5,17.7,89.6,38.6,44.7,84.19,160.57,17.36,61.88,12.14,1.39,1.69,10.92,10.08,1.81,5.03,0.7,4.39,0.69,19.6,1.38,4.75,361.92
2196,57F3/C3/SS/13,77.223,14.317,49.91,15.34,4.69,0.69,10.51,1.46,0.05,1.5,1.8,0.09,347,16.4,18.1,65.7,35.7,8.3,30,8,72.4,266.9,26.7,514.7,20,61.1,31.1,25.9,78.85,129.19,15.06,51.79,8.73,1.56,1.1,7.37,6.48,1.21,3.52,0.57,4.14,0.68,20.82,2.37,8.82,302.88
2326,57E2/VI/C/05,77.2353,15.6636,54.98,13.44,3.86,0.5,9.73,1.09,0.06,0.89,2.14,0.08,366.1,19.8,20.4,57.9,54.4,53,22.2,8.1,134.4,163.4,27.4,363.8,15.5,37.6,18.9,55.4,98.19,152.74,18.53,64.24,10.39,1.95,1.23,8.37,6.2,1.25,3.38,0.53,3.24,0.42,9.94,1.68,11.8,362.29
2237,57F07/008/C/12,77.3811,14.4803,59.88,18.54,5.9,0.92,1.13,0.82,0.06,1.64,2.03,0.08,619.4,15.1,9.1,123.8,5.6,13.5,50.4,13.1,48.8,172.9,20.2,398.9,5.5,86.4,24.2,28.9,47.41,77.5,8.38,28.72,4.6,1.27,0.57,3.83,3.41,0.63,1.86,0.3,2.02,0.34,11.23,0.36,1.36,177.01
2236,57F07/007/C/12,77.3059,14.4509,57.84,17.89,7.85,0.87,2.54,1.11,0.07,1.82,1.15,0.09,341.9,22.8,10.3,89.6,20.4,12,32.7,15.6,37,281.7,231.5,2133.4,32,67.6,31.4,40.8,115.98,237.94,43.57,164.09,42.41,6.17,9.06,52.9,63.04,12.25,34.96,5.25,33,5.13,102.57,2.17,8.18,772.85
2234,57F07/005/C/12,77.3435,14.3802,49.11,16.48,7.55,0.99,7.03,2.47,0.08,1.38,1.32,0.12,703.7,13.6,19.6,119.2,10.5,21.2,59.5,20.5,49.6,338.3,23.7,428.4,12.9,94.1,35.7,47.2,61.75,121.42,14.42,53.35,9.53,2.4,1.09,7.86,6.37,1.16,3.27,0.51,3.26,0.54,14.24,0.7,1.84,279.07
2235,57F07/006/C/12,77.4236,14.4021,53.01,17.25,9.26,0.93,4.02,3.33,0.13,1.86,1.8,0.19,472.4,14.5,21.6,147.4,24.5,21.8,97,33.4,79.7,221.4,51.5,572.8,23,226.9,61.6,62.1,108.64,192.83,23.6,83.46,14.19,2.87,1.81,12.07,10.93,2.01,5.86,0.93,6.27,0.99,17.32,1.94,6.74,454.39
2238,57F07/009/C/12,77.4379,14.4243,58.59,17.77,5.49,0.69,2.33,1.34,0.06,1.84,2.74,0.07,972.7,19.7,11.8,57.9,19.1,18.5,22.8,9.1,87.1,242.9,42.6,927.1,16,51.1,19.7,45.9,97.86,164.12,19.81,69.87,12.1,2.66,1.71,11.08,10.5,1.95,5.88,0.89,5.81,0.96,28.29,1.04,5.03,394.12
2230,57F07/001/C/12,77.2588,14.2858,60.54,19.38,5.04,0.5,0.64,0.82,0.03,1.13,2.49,0.07,469.6,16.6,7.4,73.5,17.9,18.2,41.7,8.7,113.9,116.3,31.5,377.5,13.4,70.2,25.2,25,56.29,141.28,11.25,37.51,6.35,1.18,0.87,5.39,5.48,1.05,3.06,0.48,3.28,0.54,12.15,1.1,3.03,268.62
2231,57F07/002/C/12,77.2588,14.3261,56.96,18.77,6.62,0.98,1.68,1.22,0.07,1.15,3,0.08,759.6,18.9,11.9,109.1,15.3,25.5,42.8,13.5,121.6,251.2,36.6,1455,18.7,74.7,34,40.6,73.39,162.26,16.22,58.89,9.87,2.4,1.34,8.58,8.39,1.61,4.9,0.83,5.75,0.98,43.15,1.16,4.54,346.83
2380,57E8/008/C/06,77.4072,15.2139,51.72,22.39,8.33,0.96,2.66,1.1,0.09,0.98,0.69,0.12,440.7,27.8,15.9,139.4,7,10.3,26.1,15.8,26.4,358,17,738,5.8,41.3,31.5,60.9,40.2,88.91,11.19,48.42,8.46,3.19,0.99,7.37,4.7,0.95,2.43,0.39,2.59,0.4,23.35,0.43,1.23,212.82
2378,57E8/006/C/06,77.4589,15.115,57.28,19.51,5.88,0.75,1.72,1.46,0.13,1.27,2.29,0.07,708.9,27.6,10.9,85.1,22.1,23.1,20.3,12.1,109.7,279,23.4,627,16.8,37.4,57.5,74.7,94.41,163.62,18.22,66.4,9.8,3.06,1.06,7.86,4.97,0.97,2.59,0.43,2.97,0.46,20.87,1.05,3.76,368.96
2375,57E8/003/C/06,77.4278,15.0192,60.47,17.59,5,0.51,2.8,0.87,0.06,1.8,2.26,0.08,895.2,22.6,10.8,70,9.3,14,19.8,9.8,45.4,268,10,671,1.3,25,23.7,44.3,42.13,82.47,7.94,30.28,4.87,1.73,0.54,4.07,2.54,0.5,1.29,0.2,1.33,0.22,21.1,0.25,1.52,176.04
2374,57E8/002/C/06,77.3947,15.0244,63.85,15.88,4.91,0.54,3.1,1.11,0.06,2.16,2.36,0.1,653.9,22.1,15.4,83.7,8.7,13.4,24.2,14.4,77.3,285,14.3,599,6,54.1,23.6,40.5,24.24,48.77,5.27,21.4,4.15,1.61,0.55,3.73,2.85,0.61,1.68,0.27,1.78,0.28,18.02,0.66,1.88,113.46
2705,57A2/A2/C/15,76.0417,15.625,50.44,23.22,7.18,0.83,0.62,0.85,0.06,0.29,2.85,0.09,292.9,14.5,6.5,94,17.8,1,46.4,20.6,80.5,81.5,2.5,797.2,22.5,106.2,21.8,5,55.74,123.42,11.04,40.54,6.14,1.45,0.97,5.52,5.58,1.09,2.72,0.48,3.39,0.55,23.23,1.24,3.37,253.11
2704,57A2/A1/C/15,76.0417,15.7083,51.89,23.94,6.96,0.73,1,0.82,0.05,0.5,2.78,0.08,422.3,14.7,8.6,79.1,19.1,1,34.3,20.2,66.1,81.8,2.5,646.2,15.7,91.8,24.5,5,180.08,278.64,30.13,98.42,13.63,2.27,1.39,9.89,7.4,1.23,3.05,0.51,3.01,0.43,22.81,0.69,2.69,620.19
2708,57A2/B2/C/15,76.125,15.625,55.5,22.27,5.93,0.78,0.8,0.81,0.06,0.76,2.89,0.06,397.1,11.9,6.9,73.7,13.1,3.7,33.2,12.7,69.6,105.6,3,1020,19.7,88.2,20.3,10.9,71.49,167.57,14.7,48.75,8.73,1.57,1.13,7.16,6.39,1.2,3.53,0.58,3.66,0.61,24.75,0.91,3.62,329.91
2707,57A2/B1/C/15,76.125,15.7083,54.09,22.38,6.33,0.69,0.94,0.85,0.04,0.58,2.87,0.08,377.8,12,6.7,88.3,15,4.8,37.5,16.7,63,114.3,2.5,581.7,15.8,92.9,23.6,5,72.32,189.19,15.35,52.06,9.28,1.55,1.24,7.61,7.08,1.37,4.37,0.72,4.71,0.73,27.39,1.74,3.83,359.97
2712,57A2/C3/C/15,76.2083,15.5417,57.94,21.64,4.64,0.7,0.78,0.67,0.06,1.17,3.28,0.06,462.1,18.5,4.7,46.6,22.1,1,16.6,13.3,72.7,126.8,3,1394.9,21.5,72.4,11.8,15.3,121.47,272.45,23.89,76.45,12.64,2.21,1.58,9.86,8.66,1.63,4.87,0.8,5.07,0.9,56.04,1.36,5.84,532.62
2711,57A2/C2/C/15,76.2083,15.625,57.25,20.1,5.3,0.76,1.27,1.01,0.06,0.85,3.21,0.21,506.2,13.3,6.3,64.1,18.1,2.2,26.7,16.6,68.9,147.6,3,988.3,19.7,84.2,16.1,18.4,116.77,256.82,23.44,77.28,12.81,2.42,1.42,9.36,7.7,1.39,3.97,0.64,4.33,0.75,38.78,1.25,4.45,509.74
2710,57A2/C1/C/15,76.2083,15.7083,57.14,18.06,5.28,0.78,1.51,1.25,0.06,0.58,3.38,0.08,481.4,11.6,8.5,82.1,13.4,2.6,32,19.6,72,134.7,2.5,730.9,17.5,100.1,19.9,10,305.42,430.9,41.14,124.66,15.6,3.47,1.48,10.76,7.44,1.3,3.98,0.68,4.52,0.81,32.27,1.72,6.37,941.4
2724,57A6/C3/C/14,76.2692,15.5372,52.52,19.25,9.05,0.94,1.66,1.73,0.12,0.96,2.27,0.09,589,11,13,136,44,1,28,28,67,104,2.5,583,20,109,42,22,157.94,321.47,32.07,104.38,17.81,2.44,1.78,12.24,7.73,1.31,3.32,0.46,3.13,0.51,24.37,0.69,8.67,654.35
2723,57A6/C2/C/14,76.3033,15.6275,55.05,20.11,6.84,0.95,2.1,1.18,0.1,1.16,2.72,0.11,818,27,13,94,25,2.9,41,20,115,295,8.1,809,23,114,27,30,106.54,205.56,21.55,77.19,13.35,2.63,1.41,9.98,7.23,1.21,3.12,0.49,3.18,0.5,27.34,1.1,3.18,443.96
2358,57E6/004/C/07,77.375,15.7083,53.47,22.1,6.9,0.65,0.87,0.86,0.03,0.22,3.49,0.16,492.4,27.7,5.32,147.6,35.4,31,44.4,15.8,187.6,126.61,20.6,332.73,21.4,68.1,15,46.2,66.66,117.12,11.7,38.73,5.72,0.8,0.58,4.19,2.56,0.51,1.27,0.21,1.36,0.21,10.84,1.1,11.37,247.43
2215,57F5/004C/10-12,77.2661,14.8875,67.03,16.08,4.04,0.73,2.01,0.72,0.06,3.53,3.25,0.07,601.4,20,9.1,78.9,10.6,22.5,10.3,8,96.7,196,33,1630.1,16.5,90.6,6.5,40.5,46.2,113.19,8.77,32.11,5.8,2.03,0.87,5.55,4.85,1.13,3.33,0.59,4.21,0.7,50.22,0.69,2.97,223.78
2218,57F5/007C/10-12,77.3089,14.9236,55,20.74,6.03,0.71,1.73,1.27,0.06,1.36,1.86,0.06,399.2,25.5,10.2,84.6,11.6,24.6,31.9,17.4,82.2,209.1,25,293.1,13.6,60.5,25.7,75.1,36.28,79.81,7.66,30.04,5.82,1.75,0.86,5.59,4.64,1.01,2.77,0.46,3.03,0.44,10.47,1.32,2.67,174.57
2212,57F5/001C/10-12,77.2706,14.7972,47.85,22.05,11.23,1.33,2.01,1.33,0.1,1.09,1.11,0.12,703.9,33.5,19.8,178,5.6,22.7,46,25.5,39.6,248.6,48.4,1206.5,16.6,80,41.5,84.4,86.19,166.57,18.02,71.56,12,3.97,1.6,11.03,7.85,1.66,4.36,0.69,4.31,0.67,40.54,0.61,1.47,379.45
2228,57F/6/003/C/2011-12,77.4708,14.5533,53.09,22.81,6.94,0.74,1.37,1.07,0.04,1.15,1.65,0.06,484.9,26,9.3,73,13.9,22.9,19.8,13.1,70.3,149.8,14.6,422.7,13.2,60.7,17.6,68.8,43.98,87.36,8.52,29.79,4.74,1.34,0.51,3.56,2.67,0.5,1.42,0.21,1.39,0.24,7.04,0.79,1.48,182.67
2222,57F06/006/C/10/13,77.475,14.65,52.03,20.39,9.22,0.98,2.48,1.98,0.09,1.16,1.21,0.08,580.2,19.6,16.1,138.4,10.4,17.8,65,20.9,43,216.2,13.7,394.9,11.5,151.4,52.7,71.8,43.05,88.89,8.97,33.49,5.63,1.7,0.64,4.56,3.36,0.63,1.86,0.28,1.83,0.3,15.21,0.71,1.33,190.63
3140,57G01/A1/C/16,77.0417,14.9583,55.15,20.87,6.65,0.7,1.62,1.38,0.06,0.82,1.49,0.05,390,26,12,118,5,16,39,18,67,207,15,380,12,67,35,61,27.38,88.74,5.82,20.35,3.94,0.95,0.56,3.08,3.13,0.58,1.82,0.3,1.96,0.33,11.61,1.05,1.94,155.86
3143,57G01/B1/C/16,77.125,14.9583,56.74,23.25,5.27,0.68,0.77,0.81,0.03,1.79,1.83,0.06,269,32,6,51,24,23,11,16,77,134,14,489,14,29,2,40,93.76,149.12,20.69,70.34,11.17,1.95,0.86,6.41,3.71,0.61,1.57,0.26,1.76,0.27,14.72,0.79,4.56,356.07
3146,57G01/C1/C/16,77.2083,14.9583,55.84,19.87,7.62,0.62,1.22,1.5,0.05,0.95,1.46,0.04,272,30,17,118,23,38,54,14,76,91,17,269,7,89,79,54,79.1,163.42,13.47,43.72,6.44,1.37,0.75,4.69,3.76,0.68,2.1,0.27,2.05,0.32,8.46,0.39,4.41,317.45
3141,57G01/A2/C/16,77.0417,14.875,56.14,18.83,6.76,0.78,3.45,1.93,0.09,1.3,1.76,0.05,415,24,15,111,12,19,51,17,94,213,29,439,13,126,35,78,44.13,92.43,9.07,32.8,6.32,1.19,0.91,5.31,5.18,0.98,2.75,0.46,3.05,0.5,13.28,1.11,2.81,199.77
3148,57G01/C3/C/16,77.2083,14.7917,56.53,23.78,6.11,0.74,0.44,0.47,0.02,1.88,1.56,0.05,356,30,6,65,18,16,8,6,61,99,16,964,11,18,3,32,62.03,181.72,26.29,159.55,6.2,1.35,3.01,6.18,7.72,0.65,2.04,0.34,2.48,0.44,27.56,0.78,3.61,453.82
3145,57G01/B3/C/16,77.125,14.7917,56.68,21.4,7.24,1.1,1.27,1.35,0.08,0.84,2.55,0.11,723,35,13,126,17,32,22,18,130,323,41,2189,16,59,33,87,102.72,206.86,20.54,71.2,11.99,2.38,1.64,9.42,8.93,1.75,5.54,0.89,6.07,0.97,70.05,1.35,5.96,441.48
3142,57G01/A3/C/16,77.0417,14.7917,55.21,22.8,6.83,0.62,0.78,0.94,0.05,1.23,0.47,0.05,147,30,14,83,11,13,44,20,24,84,13,246,18,87,2,24,26.99,136.96,5.34,18.83,3.26,0.67,0.5,2.66,2.83,0.51,1.55,0.27,1.77,0.27,8.02,2.21,4.94,199.75
3147,57G01/C2/C/16,77.2083,14.875,54.97,21.48,4.74,0.66,4.4,1,0.04,1.38,1.74,0.06,379,31,9,58,44,40,16,6,110,205,24,781,8,25,5,84,152.2,290.35,29.18,98.69,14.72,2.11,1.41,9.27,5.75,1,2.8,0.41,2.72,0.44,25.53,0.75,5.03,601.78
3144,57G01/B2/C/16,77.125,14.875,49.55,21.47,10.18,1.25,1.61,2.43,0.09,0.87,0.99,0.05,315,28,17,167,5,18,100,35,66,159,18,444,11,198,71,118,24.89,50.93,10.81,68.58,3.1,0.7,1.39,3.25,3.96,0.4,1.07,0.18,1.12,0.17,6.35,0.59,1.26,167.3
2344,57E/4/C8/SS/10,77.1142,15.2097,58.82,12.82,5.43,0.62,6.72,1.35,0.09,1.55,2.17,0.09,0.09,19,14,68,2,36,36,26,51,378,20,331,15,54,24,23,28.6,68.6,7,28.12,5.45,1.84,0.71,4.62,4.14,0.82,2.19,0.36,2.36,0.35,9.09,1.06,1.56,150.54
2342,57E/4/C6/SS/10,77.1481,15.1344,24.73,8.08,3.22,0.5,29.63,2.2,0.07,2.56,0.52,0.07,0.07,11,27,62,7,46,46,43,37,340,22,172,7,45,20,46,33.93,47.22,6.34,22.73,3.85,1.39,0.56,3.55,3.16,0.62,1.63,0.25,1.59,0.23,4.44,0.26,2.36,123.5
2345,57E/4/C9/SS/10,77.2072,15.1672,43.51,11.63,18.45,0.59,4.81,2.29,0.13,0.48,0.45,0.1,0.1,6,15,114,11,72,72,35,26,103,14,125,6,118,95,327,15.51,31.08,3.61,14.23,2.81,1.16,0.44,2.74,2.67,0.54,1.48,0.23,1.54,0.22,4.22,0.32,1.21,75.52
2337,57E/4/C1/SS/10,77.2169,15.0353,26.83,9.76,54.56,0.2,0.77,0.26,0.06,0.39,0.94,0.07,0.07,20,7,27,21,8,24,38,32,29,11,81,5,37,13,49,16.35,32.61,3.71,14.24,2.69,1.35,0.38,2.46,2.31,0.47,1.36,0.22,1.52,0.23,4.53,0.76,3.17,77.44
2338,57E/4/C2/SS/10,77.1142,15.0353,54.94,16.28,6.32,0.75,3.58,1.56,0.1,1.32,1.58,0.16,0.16,22,13,97,8,15,43,19,56,311,20,207,15,65,31,49,42.01,80.37,10.62,40.7,7.15,2.32,0.88,5.88,4.71,0.89,2.34,0.37,2.33,0.36,7.31,1.25,2.5,195.05
2250,57F-09/C-III/10-12,77.731,14.81,62.62,18.9,4.08,0.51,0.53,0.73,0.05,0.84,3.81,0.06,425.4,26.1,7.5,59.3,35.7,16.8,29,11.8,184.1,99.8,26,383.9,19.4,78.6,20.1,33.2,105.66,159.01,20.32,70.69,10.52,2.23,1.14,8.36,5.25,1.04,2.73,0.43,2.86,0.42,11.15,1.18,4.04,382.3
2248,57F-09/C-I/10-12,77.544,14.796,44.94,16.06,8.75,0.74,7.85,2.92,0.12,0.54,1.01,0.08,348.3,19.8,30.8,174.6,5.3,15.4,73.8,33.9,55.1,173.8,22.6,181.5,9.3,105.4,70.8,57.5,18.72,41.65,4.35,17.95,3.87,1.41,0.62,3.9,3.4,0.73,2.02,0.33,2.11,0.3,7.02,0.76,1.04,97.46
2249,57F-09/C-II/10-12,77.616,14.772,54.38,21.18,6.7,1.06,1.55,1.44,0.09,1.07,1.72,0.1,498.3,28.5,9.5,95.1,39.2,19.5,34.4,17.7,109.6,300.9,34.3,886.4,26.3,58.3,66.3,103.8,147.09,241.91,27.5,95.25,13.6,3.93,1.41,10.77,6.56,1.31,3.6,0.61,4.3,0.67,32.21,1.81,5.3,547.74
2254,57F-09/C-VII/10-12,77.518,14.963,59.39,18.45,5.81,0.66,1.22,1.28,0.07,1.38,2.77,0.1,1093.6,25.8,11.4,84.5,14.1,21.4,26.9,11,93.9,481.2,23.3,412.7,25.4,64.2,38,54.6,119.97,204.99,28.22,109.56,17.47,5.68,1.61,13.24,6.69,1.18,2.84,0.45,3.04,0.42,11.64,1.29,2.47,502.12
2251,57F-09/C-IV/10-12,77.549,14.883,62.43,18.15,6.57,0.75,0.73,0.82,0.06,0.27,1.78,0.08,302.6,21.9,11.6,124.1,10.7,19.8,61.7,23.6,83.2,90.8,20.1,401.9,11.4,82.7,41.5,52.3,27.39,52.73,5.47,21.36,4.22,1.62,0.71,4.43,3.93,0.84,2.32,0.37,2.38,0.36,11.11,0.61,1.64,123.7
2255,57F-09/C-VIII/10-12,77.609,14.949,55.02,21.84,7.25,0.81,1.59,0.94,0.06,0.83,1.75,0.09,410.9,27.8,11.4,111,12.5,17,52,15,82.5,426.4,24.4,758.7,15.6,80.9,20,49.8,52.31,98.59,12.1,47.78,8.46,2.91,0.96,7.04,4.64,0.95,2.57,0.43,2.98,0.49,22.06,0.94,2.94,235.17
2252,57F-09/C-V/10-12,77.626,14.874,58.7,20.4,5.54,0.67,1.21,0.72,0.06,1.19,2.97,0.08,332.1,28,9.8,88.5,49.9,19.9,38,14,161.2,233.1,27.4,486,23.3,59.4,26.4,40.7,50.47,104.72,11.06,40.51,7.09,2.08,0.87,6.03,4.37,0.91,2.61,0.44,3.17,0.47,15.99,2.48,6.82,228.77
2256,57F-09/C-IX/10-12,77.713,14.959,58.07,16.13,4.88,0.74,3.36,2.14,0.06,1.71,2.54,0.31,651.9,21.2,13.9,83.2,25,19,32.2,13.8,114.1,422.2,18.8,896,17.6,83.7,35.8,83.7,39.41,88.02,8.54,32.81,5.91,1.98,0.71,5.04,3.62,0.73,2.08,0.35,2.49,0.41,26.47,1.12,3.55,187.06
2253,57F-09/C-VI/10-12,77.723,14.897,54.98,21.45,6.72,0.82,1.09,0.92,0.08,1.26,2.2,0.08,817.2,31.6,10,98.1,23.8,29.2,36.8,17.1,126.5,271.3,21.6,490.6,17.8,51.5,22.1,58.3,72.96,127.33,15.19,54.69,8.94,3.04,0.93,6.91,4.42,0.84,2.37,0.39,2.61,0.4,16.06,1.23,6.4,294.11
2226,57F/6/001/C/2011-12,77.2948,14.537,51.2,20.98,9.71,1.03,1.48,1.3,0.09,0.87,1.72,0.07,664.6,25.1,14.9,151.8,20.2,18.3,104.2,19.8,73.2,148.9,56.2,769,19.4,170.9,57.3,63.2,89.96,140.4,15.49,54.39,9.63,2.2,1.38,8.6,7.75,1.5,4.43,0.67,4.27,0.7,13.44,0.93,1.96,332.77
2221,57F06/005/C/10/13,77.3886,14.6528,59.1,20,5.96,0.75,1.74,1.3,0.06,2.56,2.73,0.07,729.5,25.1,11.1,88.3,31.3,20.7,24.2,12,71.3,267.5,20.8,1089.7,15.3,106.1,23,67.2,124.13,232.43,21.78,74.96,10.4,1.82,0.93,7.67,4.22,0.73,2.12,0.35,2.29,0.4,37.69,0.6,2.23,476.56
2227,57F/6/002/C/2011-12,77.4086,14.5733,52.85,19.76,8.93,0.66,0.99,1.52,0.06,1.5,2.17,0.06,439,38.3,12.3,87.8,38.5,7.2,26.9,13.6,74.8,77.3,112.4,522.5,42.9,70,31.9,79.4,189.15,364.29,48.49,191.69,39.89,2.04,4.6,31.28,24.47,4.15,10.49,1.44,8.63,1.25,10.35,1.74,4.33,890.58
2225,57F06/009/C/10/13,77.4207,14.6641,61.11,16.36,3.96,0.51,4.38,1.42,0.04,2.25,2.15,0.08,468.4,17.9,13.2,69.8,13.8,20.9,22.2,7.3,74.1,244,17.9,395.4,12.1,133.4,17.7,43.5,27.1,47.61,5.53,21.08,4.15,1.08,0.62,3.9,3.53,0.7,2.12,0.35,2.22,0.37,15.05,0.9,2.07,116.46
2224,57F06/008/C/10/13,77.4256,14.7029,47.98,17.63,18,0.62,2.48,1.98,0.17,1.22,1.84,0.07,279,22.5,15,94.8,9.5,18.3,62.6,19.5,141.5,95.2,47.9,241.7,17.9,217.3,59.3,64.1,43.61,71.69,9.19,34.5,6.62,1.15,0.9,5.95,5.11,1,2.96,0.47,2.95,0.49,10.29,1.43,3.14,180.64
2229,57F/6/004/C/2011-12,77.2674,14.6004,48.95,22.46,9.51,0.81,1.42,1.21,0.09,1.29,1.25,0.08,385.3,29,10,90.1,6.9,17.7,142,17,47.3,143.2,93.3,386.3,21.3,169.4,42.4,102.1,41.38,72.17,10.22,45.51,11.23,4.59,2.33,13.39,14.94,3.03,8.78,1.23,7.74,1.25,7.66,1,1.25,224.4
2223,57F06/007/C/10/13,77.2549,14.7243,59.59,16.89,6.95,0.72,3.11,3.18,0.1,2.22,1.54,0.07,678.6,16.1,15.1,115.4,7.4,15.2,173.5,26.5,37.5,247.2,11.8,504.4,11.2,444.8,41.6,62.7,26.67,43.27,4.47,16.7,2.99,1.08,0.41,2.67,2.33,0.47,1.42,0.24,1.56,0.27,18.71,0.38,0.96,101.88
2410,57E12/05/C/04,77.5758,15.1336,56.91,19.88,6.4,0.83,0.99,1.34,0.07,1.16,2.32,0.1,831.3,33.3,4.8,88.7,31.7,49.4,29,12.3,137,151.3,49.4,651.8,25.4,24.6,39.4,87.8,492.48,593.53,86.82,297.15,36.81,7.47,3.22,26.06,13.12,2.39,5.85,0.91,5.74,0.82,22.29,1.44,6,1546.31
2409,57E12/04/C/04,77.5992,15.1158,55.4,17.13,7.66,0.92,3.1,2.14,0.12,1.96,1.18,0.43,752.7,24,12.8,106.5,12,24.3,25.7,18.7,36.7,472.2,16,687.8,6.2,33.2,31.2,127.1,101.13,205.96,23.59,95.29,16,5.78,1.46,11.97,6.02,1.09,2.54,0.38,2.39,0.34,22.28,0.27,1.4,461.97
2407,57E12/02/C/04,77.6217,15.0231,59.4,11.98,6.16,1.02,5.76,2.64,0.16,1.79,1.5,0.56,799,20.8,16.8,112.5,12.7,30.3,28.2,20.3,48.3,364.1,18.1,517.8,20.3,26.4,42.4,117.4,106.45,242.03,24.55,93.11,14.31,4.95,1.4,10.97,6.17,1.2,3.15,0.5,3.27,0.49,17.35,1.28,1.4,501.58
2408,57E12/03/C/04,77.7233,15.0258,55.02,18.59,8.62,0.9,0.79,1.68,0.05,1.03,1.99,0.07,611,27.5,10.6,135.9,21.5,19.3,101.2,14.9,107.7,102.9,13.8,412.4,16.6,130,22.8,47.2,122.18,177.25,22.61,80.34,11.5,3.47,1.11,8.68,4.72,0.9,2.33,0.37,2.32,0.33,12.21,1.24,1.4,429.43
2411,57E12/06/C/04,77.7178,15.1117,57.78,18.8,6.2,0.82,1.98,1.48,0.09,1.28,1.6,0.22,970.2,25.7,8.4,94.9,16.4,28.3,26.6,12.4,63.7,353.6,23.6,775.2,10.7,38.3,26.6,74.2,186.43,244.41,34.44,122.65,16.63,4.66,1.51,12.15,6.37,1.19,3.01,0.47,3,0.45,25.15,0.69,3.6,625.22
2260,57F-10/C-IV/10/12,77.625,14.7083,57.01,19.66,7.63,0.76,2.4,1.35,0.07,1.82,1.25,0.08,375.5,25.34,14,131.8,10.32,12.9,50.6,18.7,47.98,231.5,20.7,506.7,11.6,133.6,53.23,48.6,36.92,70.77,7.77,29.71,5.64,1.47,0.79,5.08,4.64,0.92,2.76,0.46,2.79,0.48,22.93,0.86,3.01,165.12
2265,57F-10/C-IX/10/16,77.7083,14.5417,57.04,18.75,6.95,0.87,1.75,1,0.06,2.24,3.06,0.14,1189.8,21.6,9.8,108.5,23,21.6,29.9,10.1,105.5,535.3,26.8,1387.7,34,88.6,45.6,61.9,92.32,167.95,23.34,84.64,12.81,2.58,1.25,9.13,6.24,1.15,3.38,0.59,3.62,0.62,38.74,1.18,3.12,400.49
2264,57F-10/C-VIII/10/15,77.7083,14.625,54.08,20.25,6.82,0.69,1.06,1.49,0.05,1.45,2.74,0.09,879.6,26.6,11.4,93.5,31,18.8,50,16.2,128.9,168.2,41.4,471.7,21.8,111.4,26.9,56.2,155.01,277.19,30.77,104,15.51,2.53,1.58,11.39,7.67,1.37,3.98,0.64,3.73,0.58,17.23,1.32,3.91,604.56
2263,57F-10/C-VII/10/14,77.7083,14.7083,52.91,20.65,7.62,1.14,2.38,1.6,0.1,2.45,1.72,0.26,831.7,22.8,10.8,113.8,14.8,20.3,21.3,19.4,66.8,466.6,29.4,711.5,26.8,74.1,51.3,109.5,140.09,237.18,31.72,118.86,18.36,4.06,1.82,13.95,8.8,1.55,4.29,0.7,4.1,0.66,26.87,1.57,3.21,572.19
2259,57F10/C-III/12/13,77.5417,14.5417,48.7,22.57,8.77,1,1.19,1.4,0.07,0.73,1.8,0.09,498,19.2,14.5,154.6,26.5,21.6,65.5,17.9,94.5,217.2,32,238.8,12.5,79.6,61.5,42.1,106.23,190.74,20.47,71.01,10.89,2.43,1.2,8.17,5.87,1.01,2.89,0.42,2.69,0.41,7.45,1.15,6.38,416.26
2258,57F10/C-II/12/13,77.5417,14.625,50.92,21.94,7.69,0.91,1.59,1.17,0.07,1.07,1.67,0.1,643.5,25.3,10.6,123.5,17.8,18.8,43.5,17.4,76.7,307.2,17.4,542,12.6,59,44.4,55.7,87.68,154.57,18.89,69.47,10.99,2.92,1.03,8.19,4.96,0.87,2.41,0.37,2.43,0.4,16.95,0.81,2.68,356.99
2257,57F10/C-I/12/13,77.5417,14.7083,56.69,20.1,5.9,0.64,1.39,1,0.05,1.88,2.7,0.07,529.8,18.2,10.7,88.6,16,18.9,33.6,8.3,73.4,176,18.1,478.1,8.5,61.5,21.1,36.5,26.31,67.65,6.31,23.25,4.4,1.24,0.6,3.79,3.21,0.58,1.81,0.29,1.77,0.33,14.97,0.49,2.7,137.75
2262,57F-10/C-VI/10/13,77.625,14.5417,52.06,21.48,8.83,1.16,1.69,1.64,0.1,1.4,1.76,0.15,651.5,27.8,13.6,138.1,26.4,25.6,82.2,22.6,97.4,359,21.3,706.9,25.2,200.9,67.8,81.7,104.83,172.84,21.74,79.39,12.09,3.18,1.21,9.09,6.13,1.15,3.33,0.55,3.45,0.58,24.51,1.58,6.07,410.47
2261,57F10/C-V/12/13,77.625,14.625,66.13,14.17,3.39,0.58,3.02,1.79,0.05,2.15,3.33,0.06,823.1,13.6,10.1,63.3,14,15.5,27,9.6,100.6,380.5,15.4,706,8.1,45.7,12.1,17.9,23.18,54.75,5.55,20.89,3.94,1.12,0.51,3.21,2.8,0.53,1.71,0.3,1.96,0.38,22.46,0.61,3.68,117.62
2381,57E8/009/C/06,77.4786,15.2481,56.02,16.99,8.51,0.97,4.05,2.1,0.11,1.72,1.08,0.45,767.1,25,15.8,125.6,7.7,13.3,21,19,29.9,445,17.7,826,8.3,57.1,38.1,80.7,88.39,164.27,22.6,89.86,13.91,4.99,1.36,11,5.95,1.1,2.87,0.45,3.06,0.49,25.51,0.69,1.96,399.3
2644,57B/13/B1/C/14-15,76.875,14.9583,59.42,15.23,6.96,0.77,1.73,1.57,0.15,0.49,1.94,0.06,406,24,10,106,24,21,63,20,118,166,23,304,14,129,36,55,50.67,99.11,10.26,35.15,6.5,1.33,0.89,5.55,5.13,1.01,2.85,0.39,2.46,0.46,8.15,1.02,2.65,216.21
2645,57B/13/B2/C/14-15,76.875,14.875,52.04,10.39,5.44,0.66,9.1,3.17,0.25,0.5,1.65,0.04,508,16,16,96,20,23,44,17,102,504,18,200,12,88,34,32,22.25,52.34,4.75,17.17,3.62,0.85,0.53,3.51,3.46,0.61,1.97,0.33,1.91,0.39,5.16,1,2.47,110.18
2648,57B/13/C2/C/14-15,76.9583,14.875,61.25,11.71,4.35,0.61,5.62,2.13,0.15,1.4,2.18,0.07,510,20,12,74,28,25,41,16,138,254,24,290,12,92,29,41,27.7,56.06,5.96,20.78,4.23,0.8,0.65,4.54,3.87,0.82,2.3,0.35,2.14,0.41,7.76,0.88,3.89,126.07
2647,57B/13/C1/C/14-15,76.9583,14.9583,48.14,19.36,12.26,1.02,0.95,1.12,0.13,0.28,1.02,0.07,364,25,20,230,34,18,116,28,83,79,25,335,15,198,78,64,54.45,99.76,11.21,38.65,7.12,1.56,0.93,6.94,5.6,1.01,2.98,0.45,2.46,0.55,12.16,0.98,2.24,226.73
2376,57E8/004/C/06,77.3019,15.1244,52.39,13.22,5.37,0.73,8.24,3.01,0.13,0.75,1,0.14,531.4,19.6,24.9,93.4,10.3,12.3,42.7,19.8,54.8,199,15.4,416,7.3,53.7,42.4,78.1,41.87,83.76,8.17,32.41,5.53,2.17,0.74,5.12,3.63,0.75,2.01,0.31,2.07,0.32,14.12,0.57,1.8,183.74
2377,57E8/005/C/06,77.3767,15.1564,52.48,15.64,7.24,0.8,5.26,2.74,0.12,0.53,1.33,0.18,748.6,26.3,19.7,111,8.5,10.4,45.7,19.8,64.5,219,19,428,9.9,55.6,49.8,87.9,67.74,85.46,13.16,51.1,8.07,2.86,0.93,6.85,4.38,0.88,2.37,0.37,2.41,0.36,11.9,0.59,1.16,240.09
2379,57E8/007/C/06,77.3206,15.0689,58.63,20.15,4.93,0.68,0.74,0.62,0.07,0.76,3.34,0.06,1162.4,25.4,8.8,84.5,13.5,17,43.7,20.2,136.9,125,19.8,377,20.6,47.5,29.4,31.6,50.41,108.25,9.69,35.54,5.8,1.92,0.69,4.76,3.47,0.73,2.01,0.31,2.11,0.33,11.74,1.11,2.97,221.26
2370,57E7/VII/C/07,77.26,15.44,70.54,10.15,3.74,0.25,3.48,1.88,0.01,0.22,0.63,0.03,72.3,9.8,4.6,26.8,7.9,12.2,22.4,3.1,42.3,224.06,14.9,268.2,13.4,73.7,25.2,32.2,18.5,51.05,4.3,17.05,3.52,0.96,0.52,3.24,2.84,0.61,1.72,0.29,1.85,0.28,9.49,0.62,2.3,103.49
2367,57E7/IV/C/07,77.27,15.39,77.68,10.38,2.16,0.13,1.04,0.54,0.01,0.36,2.36,0.16,124.9,10,3.9,26.3,12.7,12.7,27.1,3.7,116.1,161.08,18.4,357.4,13.2,44.4,20.9,40.2,12.72,27.44,2.8,11.09,2.33,0.67,0.34,2.14,1.91,0.43,1.24,0.22,1.48,0.23,13.17,0.6,2.53,62.9
2364,57E7/I/C/07,77.28,15.29,62.7,14.48,3.49,0.21,5.92,0.71,0.01,0.7,2.92,0.06,295.8,19,3.8,25.6,10.3,11.2,25.6,2.6,93.9,302.01,16.8,320.8,13.2,38.1,20.2,40.8,28.67,60.43,6.21,24.26,4.39,1.4,0.51,3.56,2.59,0.54,1.45,0.23,1.62,0.24,11.26,0.72,1.44,132.54
2365,57E7/II/C/07,77.38,15.3,62.41,15.26,6.66,0.28,5.01,1.12,0.01,2.23,0.97,0.19,182.2,18.6,4,32.1,4.1,9.7,24.6,2.1,18.5,692.16,13.2,300.3,15.3,31.9,24.3,81.5,33.21,72.03,8.31,34.93,6.18,2.18,0.68,5.14,3.27,0.65,1.65,0.25,1.57,0.22,8.61,0.3,0.93,165.13
2371,57E7/VIII/C/07,77.38,15.45,67.51,10.81,3.58,0.28,3.43,1.51,0.05,1.91,0.32,0.02,61.5,7.4,3.6,26.6,5.2,11.5,23.9,3.4,26.8,247.35,13.1,350.2,14.2,58,18.7,25.5,15.92,42.67,3.74,14.87,3.02,0.89,0.46,2.89,2.49,0.54,1.52,0.24,1.62,0.25,10.6,0.53,1.82,88.23
2368,57E7/V/C/07,77.4,15.4,73.11,8.41,2.92,0.21,5.51,1.5,0.01,0.24,0.64,0.04,72.8,7.8,4,26.2,8.5,9.2,26.9,6.1,31.5,251.09,14.5,468,13.5,57,20.2,25.3,14.64,35.83,3.49,14.2,3.07,0.93,0.49,3.01,2.72,0.6,1.71,0.28,1.95,0.3,17.02,0.51,2.21,80.21
2372,57E7/IX/C/07,77.47,15.45,69.18,14.45,3.74,0.2,1.61,0.83,0.01,0.27,2.18,0.05,144,15.1,3.7,26.4,16.6,16.3,25.1,2.8,125.1,156.23,19.5,238.5,13.6,76.9,24.4,34.5,20.34,44.97,4.47,17.07,3.28,0.92,0.44,2.97,2.42,0.53,1.5,0.24,1.67,0.26,10.21,0.8,2.81,98.11
2366,57E7/III/C/07,77.49,15.28,71.86,13.82,4.01,0.17,3.52,0.39,0.01,1.45,0.73,0.05,82.4,15.8,5.9,28.5,4.5,7.6,24.3,3.4,18.1,378.08,12.7,425.6,14.2,31.4,15.7,30.4,13.11,24.95,2.75,11.38,2.6,1.26,0.41,2.65,2.31,0.53,1.4,0.23,1.53,0.24,15.73,0.37,1.27,62.7
2369,57E7/VI/C/07,77.49,15.39,64.09,12.44,5.93,0.34,2.99,2.14,0.02,0.19,0.42,0.05,121.3,18.2,4.4,29.1,10.5,15.8,25.3,5.2,36,240.98,16.6,356.7,12.5,108.4,35.3,42.7,22.13,69.57,5.21,20.68,4.13,1.17,0.63,3.81,3.44,0.75,2.09,0.34,2.32,0.35,10.96,0.8,2.43,132.81
2642,57B/13/A2/C/14-15,76.7917,14.875,52.49,11.35,4.84,0.63,10.72,1.47,0.06,1.19,2.23,0.17,286,21,15,66,45,17,30,11,156,149,41,343,14,47,38,54,122.22,249.24,20.44,69.15,12.08,1.54,1.57,10.83,8.41,1.43,3.99,0.59,2.98,0.54,11.93,0.93,2.11,494.18
2357,57E6/003/C/07,77.2917,15.5417,56.6,21.11,5.56,0.63,0.83,0.99,0.04,0.4,2.77,0.07,403.6,27.2,5.88,110.4,19.9,24.8,56.2,14.6,218.8,90.56,26.5,369.46,18.5,77.2,24.4,35.5,30.39,61.87,6.8,25.8,4.5,1.16,0.64,4.12,3.52,0.78,2.18,0.35,2.38,0.37,13.43,1.08,4.46,140.74
2356,57E6/002/C/07,77.2917,15.625,58.38,18.61,5.58,0.78,1.81,1.79,0.07,1.68,2.37,0.15,826.3,25.3,4.9,94.2,28.3,20.7,32.4,15.3,97.8,455.67,19.4,555.22,18.2,48.7,30.2,78.1,98.44,191.42,17.57,61.27,8.25,2.56,0.85,6.26,3.91,0.77,2.06,0.34,2.25,0.34,15.44,1.15,4.95,390.03
2355,57E6/001/C/07,77.2917,15.7083,58,20.72,5.07,0.58,1.26,1.2,0.06,1.19,2.49,0.06,794.1,24.7,5.11,85.4,8.9,19.6,40.3,14,98.4,252.43,17.1,309.43,11.5,64.7,28.6,57,33.38,80.66,6.92,26.06,4.33,1.25,0.51,3.58,2.51,0.5,1.38,0.22,1.48,0.22,10.56,0.63,1.88,159.42
2360,57E6/006/C/07,77.375,15.5417,61.25,16.04,6.94,1.02,1.51,1.37,0.09,1.65,3.86,0.27,917.6,24.5,8.05,45.1,29.3,38.4,19.4,17.9,215.2,172.74,58.8,1428.46,48.4,30.7,11.8,113.2,195.99,337.68,44.82,174.74,30.72,5.14,4.12,27.81,20.87,4.21,10.97,1.68,10.4,1.43,48.03,2.94,8.03,842.77
2359,57E6/005/C/07,77.375,15.625,60.12,19.42,5.17,0.78,0.76,0.95,0.04,0.38,3.73,0.05,447.7,21.4,4.76,85.7,48.3,32.2,37.2,13.1,205,73.51,33,1286.65,38.4,60.9,14.2,39.7,62.45,132,13.93,51.52,9.39,1.51,1.32,8.46,6.86,1.46,4.07,0.68,4.65,0.7,45.34,2.25,9.34,290.54
2363,57E6/009/C/07,77.4583,15.5417,52.42,21.37,10.27,0.93,0.51,1.04,0.07,0.13,2.4,0.06,314.4,21.4,14.84,242.7,7.2,13.3,88.4,32.3,137.6,44.97,19.5,306.85,11.9,131.2,55.2,27,23.17,59.02,5.27,20.97,4.16,1.3,0.65,4.15,3.56,0.77,2.03,0.33,2.25,0.32,11.7,0.78,2.55,123.8
2362,57E6/008/C/07,77.4583,15.625,55.6,21.42,6.53,0.8,0.64,0.9,0.04,0.41,3.43,0.06,427.4,25.5,6.65,122.2,35.4,30.5,56.2,17.3,189,58.65,25.7,477.21,21.4,76,24,34.7,61.67,142.34,14.34,53.91,9.74,1.37,1.03,8.09,4.75,0.9,2.26,0.35,2.33,0.35,15.23,0.94,5.54,295.34
2361,57E6/007/C/07,77.4583,15.7083,55.61,21.34,6.82,0.82,0.66,0.89,0.04,0.39,3.2,0.06,400.1,27.5,7.84,128.6,33,29.4,58.8,17.8,190.4,57.56,25.8,473.77,20.9,76.9,23.9,35.9,72.54,159.52,16.62,62.49,11.01,1.41,1.14,9.11,5,0.94,2.29,0.35,2.32,0.34,15.04,0.98,6.64,335.97
2889,57A12/C2/C9,76.7083,15.125,0,11.37,9.55,0.45,15.08,7.02,0.14,0.2,0.89,0.06,202,2.5,30.3,119.9,2,9.4,75.7,32.6,34.8,98.6,18.3,36.8,2.5,204,4,39,5.59,15.5,1.43,5.73,1.31,0.45,0.3,1.64,2.07,0.42,1.39,0.22,1.4,0.23,2.55,0.21,0.25,36.04
2884,57A12/C3/C4,76.7083,15.0417,0,14.56,3.83,0.21,8.69,2.86,0.03,0.37,2.9,0.03,24.4,14,15,39.6,8.9,36.7,16.9,4.2,240,135,20.4,54.4,16.1,33.3,61.2,29.4,3.32,10.55,0.91,3.47,0.79,0.16,0.17,0.85,1.17,0.25,0.84,0.16,1.19,0.2,5.01,2.4,6.78,23.18
2194,57F3/C1/SS/13,77.035,14.286,64.53,15.99,2.98,0.45,2.54,1.07,0.04,2.92,4,0.1,763.3,14,7.8,35.7,29.7,20,17,6.8,137.1,299.4,41.1,751.1,13,47.7,13.2,26.8,96.8,152.17,17.3,61.06,11.13,1.37,1.67,10.42,11.38,2.28,7.02,1.07,7.3,1.18,27.86,1.28,6.58,371.73
2195,57F3/C2/SS/13,77.133,14.292,51.11,13.27,9.18,1.19,4.53,2.95,0.07,0.98,1.41,0.17,569.1,16.2,14.5,131.2,32.4,16.5,30.5,10.3,78,305,64.6,637.8,26.5,53,28.7,77.3,213.14,291.06,37.6,129.6,19.86,3.83,2.35,16.27,13.41,2.42,6.95,1.04,6.64,1.04,23.21,2.75,6,728.94
2197,57F3/C4/SS/13,77.045,14.388,56.05,18.5,5.82,0.68,3.6,1.03,0.07,0.99,2.46,0.1,599.9,14.6,12.7,75.4,19.4,18.7,39.8,13.5,94.9,208.7,29.9,984,12.9,89.1,36.4,29.6,62.69,128.17,12.29,43.71,7.97,1.45,1.04,6.79,6.41,1.22,3.74,0.59,4.18,0.71,36.86,1.22,4.66,274.17
2881,57A12/A1/C1,76.5417,15.2083,0,16.2,3.47,0.28,1.01,0.69,0.09,2.56,4.07,0.04,901,12.9,6.9,26.9,24.5,37.6,11.1,4.5,197,116,26.8,164,7.1,33.1,11.2,46.7,56,111.87,9.96,32.21,5.11,0.81,0.61,3.93,3.37,0.61,1.81,0.28,1.77,0.28,5.05,1.57,6.03,224.69
2883,57A12/B1/C3,76.625,15.2083,0,12.05,8.89,0.76,14.27,4.45,0.13,0.69,0.11,0.06,80.1,6.8,30.7,143.2,2,6.4,76.4,32.7,27.8,94.2,15.9,35.6,2.5,122,61.8,36.4,2.91,7.91,1.02,4.64,1.31,0.49,0.32,1.77,2.25,0.46,1.43,0.22,1.42,0.23,2,0.1,0.95,24.61
2880,57B09/C1/C/S/13,76.7338,14.9727,51.2,15.88,10.8,0.84,3.86,3.22,0.09,0.49,1.15,0.08,237.2,15.1,18.8,127,5.5,17.2,61.5,23.1,72,94.9,32.3,157.2,5.1,113.4,40.2,50.3,28.88,55.5,5.47,18.87,3.7,0.91,0.6,3.67,4.18,0.87,2.79,0.51,3.85,0.69,12.08,2.12,6.23,126.82
2878,57B09/C2/C/S/13,76.7436,14.9022,60.18,15.4,6.95,0.62,3.24,1.68,0.43,1.49,2.17,0.07,481.7,13.5,13.8,83,10.8,19.2,46.1,15.7,106.7,134.9,19.6,206.5,5.3,89.9,49.5,42.7,35.32,78.54,7.7,27.64,5.48,1.11,0.82,5.09,4.95,0.91,2.74,0.45,2.85,0.46,9.67,1.54,4.85,168.97
2876,57B09/C3/C/S/13,76.6908,14.7759,58.92,17.67,4.04,0.47,3.55,1.06,0.07,2.61,2.95,0.04,559,15.4,11.4,52.5,32.2,18.2,27.4,10.1,122,213.9,29.5,335.2,5.1,47.6,22.3,34.9,32.47,63.53,7.14,25.46,6.08,0.79,1.82,8.62,14.02,3.09,9.8,1.61,9.71,1.47,8.93,2.76,8.79,176.99
2343,57E/4/C7/SS/10,77.0056,15.2078,47.33,12.44,5.83,0.71,11.34,2.32,0.13,0.51,1.22,0.09,0.09,20,19,107,6,63,63,30,50,202,20,208,10,107,33,49,26.05,52.64,5.78,21.65,4.17,1.47,0.62,3.76,3.65,0.74,1.94,0.31,2.02,0.29,6.04,0.59,2.03,121.33
2641,57B/13/A1/C/14-15,76.7917,14.9583,67.6,10.13,1.88,0.38,5.65,1.28,0.04,1.93,3.54,0.11,586,15,9,32,30,23,14,7,155,153,15,459,8,48,11,21,18.65,37.23,4,14.49,2.91,0.63,0.52,3.27,3.12,0.59,1.82,0.32,1.9,0.42,17.1,1.8,3.46,86.6
2649,57B/13/C3/C/14-15,76.9583,14.7917,52.23,17.07,11.34,0.9,2.35,1.25,0.75,0.52,1.44,0.08,417,20,19,174,11,20,73,26,87,81,25,151,11,156,54,30,19.37,38.69,4.42,18,3.79,1.03,0.76,4.89,4.83,1.04,2.88,0.49,2.82,0.54,6.3,1.16,1.24,98.66
2646,57B/13/B3/C/14-15,76.875,14.7917,60.56,10.53,3.1,0.47,6.46,2.95,0.06,2.43,2.05,0.03,600,16,12,72,18,22,31,12,129,383,15,207,8,70,14,22,20.26,38.17,4.14,14.94,2.98,0.59,0.42,2.76,2.57,0.47,1.52,0.23,1.58,0.28,7.06,0.56,1.75,88.15
2643,57B/13/A3/C/14-15,76.7917,14.7917,55.53,11.03,5.34,0.67,6.87,2.61,0.05,1.11,1.99,0.05,399,16,15,102,37,25,53,11,149,297,26,191,17,133,35,71,32.21,65.46,6.87,24.42,4.74,1.11,0.71,4.42,4.05,0.8,2.37,0.38,2.3,0.47,15.68,0.7,2.79,145.89
7581,57B/14/C1/C/14-15,76.9901,14.7017,60.05,16.84,5.32,0.68,2.33,2.25,0.07,1,2.83,0.04,407.2,11.6,10,84.5,13.8,4.6,27.3,13.4,64.4,154.2,2.5,531.6,14.9,88,21,11.6,39.17,95.3,8.48,30.14,5.13,1.03,0.62,4.12,3.67,0.65,2.12,0.31,2.26,0.32,16.87,0.79,2.71,189.2
7587,57B/14/C3/C/14-15,76.955,14.5666,51.88,19.48,7.23,0.93,3.19,1.62,0.08,0.52,2.44,0.08,449.5,13.9,10.1,87.4,13,1,30.7,18.9,67.6,145.8,2.5,495.5,18.8,105.8,32.6,15.4,118.04,200.24,20.15,68.81,10.61,2.06,1.17,7.77,6.72,1.14,3.35,0.49,3.2,0.52,21.07,1.83,4.44,436.5
7579,57B/14/A1/C/14-15,76.7808,14.725,64.04,16.32,3.77,0.56,1.6,1.1,0.05,1.61,3.56,0.05,417.7,10.2,8,41.9,23.9,1,13.8,11.5,105.8,117.1,2.5,476.3,19.9,63.6,14,23,74.09,184.94,16.06,56.01,10.54,1.48,1.36,9.06,8.03,1.34,3.75,0.6,3.27,0.57,20.66,1.77,7.76,362.04
7580,57B/14/B1/C/14-15,76.851,14.7466,51.6,12.53,5.39,0.63,6.5,4.06,0.04,0.67,2.23,0.06,404.6,9.5,9.2,52.4,30.7,1,29.2,13,53.3,210.1,2.5,364.3,14.3,79.6,8.8,30.1,140.17,229.08,24.24,82.76,11.96,1.38,1.1,8.01,5.31,0.84,2.27,0.31,2.02,0.36,14.85,0.79,3.66,501.8
2898,57A/7/C3/C/13,76.4583,15.2917,53.21,19.91,8.74,0.94,1.89,1.66,0.12,1.14,1.79,0.14,762.2,14.5,13.3,124,15.1,25.6,48.5,20.3,88.7,166.1,28.5,260.9,10.4,69.3,81.3,71.3,93.47,171.6,19.72,67.54,10.33,2.64,0.97,7,5.05,0.88,2.14,0.32,1.98,0.31,8.4,0.91,3.96,376.95
2895,57A/7/C/C2/13,76.4583,15.375,51.51,18.25,5.83,0.66,5.8,1.24,0.06,1.01,2.53,0.06,504.8,16.3,12.8,69.8,42.2,15.4,25.4,9,126.6,117.1,45.8,379.9,20.9,43.1,23.5,47.3,283.99,263.76,46.19,141,17.56,2.86,1.39,11.41,6.44,0.94,2.32,0.32,2.08,0.32,14.2,0.45,1.64,769.17
2136,57B1/C/B3/12,76.1267,14.7588,47.92,19.58,9.04,0.92,2.63,2.19,0.1,1.56,1.43,0.07,461,24,17,144,9,12,52,21,61,501,19,317,10,95,26,79,93.41,241.29,27.01,108.65,19.72,5.29,2.06,14.36,10.16,1.83,5.24,0.79,4.71,0.75,21.8,2.01,2.37,520.91
